Ship,Tier,Class,Nation,Players,Battles,Base XP,Damage,Frags,Win rate,Capture,Defence,Spotting,Potential,Aircraft,Survival rate
Patrie,11,BB,France,9092,337170,1388,125865,0.936,0.512,2.13,4.74,19358,1809099,5.6,0.426
Hannover,11,BB,Germany,16503,319701,1150,86471,0.633,0.485,1.81,4.16,20080,1930510,6.42,0.24
Satsuma,11,BB,Japan,40417,1562549,1246,112667,0.809,0.499,1.32,3.21,17402,1730502,4.15,0.469
Devastation,11,BB,U.K.,5660,140172,1323,127807,0.766,0.499,1.98,4.78,20776,1896948,4.71,0.499
Maine,11,BB,U.S.A.,10744,352970,1344,114812,0.89,0.513,2.32,4.11,22194,2078203,7.7,0.445
Admiral Ushakov,11,BB,U.S.S.R.,4355,90980,1293,91532,0.766,0.522,2.71,3.59,23579,2329626,8.86,0.309
Sekiryu,11,CV,Japan,5914,144180,1400,140200,1.231,0.518,0.45,8.85,90012,434072,6.18,0.674
Eagle,11,CV,U.K.,13166,316332,1355,136724,1.152,0.518,0.35,12.57,83804,380968,5.13,0.6709999999999999
United States,11,CV,U.S.A.,16510,504460,1367,130787,1.095,0.488,0.25,13.26,76674,380087,7.13,0.603
Irresistible,10,BB,Commonw.,4391,84046,1310,120722,0.849,0.521,4.01,9.46,16340,1325292,4.83,0.492
Thor,10,BB,Europe,153,4022,1338,98115,0.94,0.547,5.09,5.47,28312,1638673,8.12,0.409
Bourgogne,10,BB,France,35364,2744523,1350,118817,0.949,0.539,3.13,5.67,21699,1582940,5.72,0.467
République,10,BB,France,42546,3049798,1143,95753,0.791,0.499,2.22,4.54,19493,1608994,4.13,0.444
Grosser Kurfürst,10,BB,Germany,66501,5380586,1066,70563,0.611,0.489,2.31,4.05,22163,1726584,3.78,0.309
Mecklenburg,10,BB,Germany,19113,1095894,1265,106409,0.775,0.524,2.66,6.59,20937,1612043,6.57,0.4379999999999999
Preussen,10,BB,Germany,38583,1176401,1073,73967,0.594,0.489,1.97,4.26,20456,1748457,4.92,0.301
Schlieffen,10,BB,Germany,51693,2023337,1049,66650,0.616,0.49,2.98,5.11,19777,1493223,5.49,0.162
Von Zuckerhoff,10,BB,Germany,756,4513,1099,70292,0.62,0.508,3.46,5.14,22281,1535267,4.35,0.161
Cristoforo Colombo,10,BB,Italy,54304,3544061,1273,107583,0.878,0.517,3.83,4.29,20267,1659011,4.52,0.4
Ruggiero di Lauria,10,BB,Italy,8489,341611,1309,114533,0.911,0.528,3.45,4.65,23968,1702074,3.76,0.475
Sicilia,10,BB,Italy,3974,179915,1331,104292,0.992,0.55,6.41,5.31,21614,1707461,6.45,0.381
Tempesta Nera,10,BB,Italy,1714,12746,1275,110196,0.828,0.518,3.13,4.5,24845,1701274,3.43,0.451
Aki,10,BB,Japan,13224,241393,1261,97351,0.777,0.53,2.46,5.65,33654,1410593,4.55,0.471
Aki Golden,10,BB,Japan,1530,20671,1291,102750,0.836,0.535,2.72,5.71,33885,1410753,4.49,0.486
ARP Yamato,10,BB,Japan,11158,877911,1220,87803,0.65,0.491,1.65,3.09,17756,1484373,3.32,0.422
Bungo,10,BB,Japan,24843,917913,1273,107644,0.918,0.531,2.04,4.62,19904,1420190,4.61,0.4529999999999999
Shikishima,10,BB,Japan,25190,2262311,1265,109090,0.848,0.5379999999999999,1.98,3.66,17982,1564089,5.12,0.477
Yamato,10,BB,Japan,135539,18321922,1201,84960,0.654,0.489,1.82,3.12,18569,1465485,2.98,0.427
Yamato Kai,10,BB,Japan,736,17353,1278,97156,0.711,0.504,1.86,3.67,18076,1572170,3.27,0.419
Willem de Eerste,10,BB,Netherlands,3209,84223,1287,112451,0.847,0.52,3.52,5.47,20628,1453707,6.47,0.374
Libertad,10,BB,Pan-Am.,27042,595659,1187,87751,0.723,0.505,3.24,5.51,21220,1828927,5.81,0.21
Conqueror,10,BB,U.K.,62506,5013658,1138,104994,0.682,0.497,2.18,4.47,19697,1595141,3.54,0.499
Incomparable,10,BB,U.K.,13864,727682,1221,89737,0.869,0.522,3.21,3.05,23600,1427590,5.98,0.303
St. Vincent,10,BB,U.K.,32263,1344006,1244,98143,0.766,0.522,3.03,4.01,22960,1742370,6.41,0.363
Thunderer,10,BB,U.K.,48567,5438429,1206,102883,0.703,0.498,2.24,4.3,19633,1454718,4.49,0.479
BA Montana,10,BB,U.S.A.,4990,150174,1175,90164,0.74,0.502,2.25,4.19,20926,1756489,6.18,0.414
Louisiana,10,BB,U.S.A.,17031,419263,1233,80957,0.738,0.515,1.99,8.78,44877,1220434,5.9,0.51
Montana,10,BB,U.S.A.,87028,9190180,1179,82312,0.708,0.493,2.2,3.74,21338,1611392,4.95,0.436
Ohio,10,BB,U.S.A.,26006,1336683,1209,90093,0.787,0.524,2.81,4.44,22241,1781910,6.67,0.379
Rhode Island,10,BB,U.S.A.,7745,267550,1269,102165,0.82,0.518,3.41,6.1,22541,1560459,6.44,0.408
Rhode Island B,10,BB,U.S.A.,2756,63157,1260,103404,0.775,0.507,3.35,6.13,23714,1557130,6.3,0.422
Vermont,10,BB,U.S.A.,34100,1806165,1194,89776,0.815,0.514,2.36,3.64,20340,1593620,6.14,0.457
Wisconsin,10,BB,U.S.A.,29829,1558294,1225,96939,0.812,0.51,2.87,4.22,22328,1638542,6.68,0.3989999999999999
Kremlin,10,BB,U.S.S.R.,46838,2458858,1168,79937,0.735,0.521,3.47,3.2,23893,1908897,6.44,0.335
Sibir,10,BB,U.S.S.R.,5600,107263,1282,90031,0.813,0.542,3.31,5.5,24965,2110583,8.47,0.209
Slava,10,BB,U.S.S.R.,24479,2715805,1248,101346,0.815,0.511,2.23,4.63,18456,1421588,6.82,0.499
Manfred von Richthofen,10,CV,Germany,17948,941276,1253,103854,1.037,0.525,0.52,9.24,106903,387523,5.39,0.731
Max Immelmann,10,CV,Germany,31679,1615445,1252,114504,0.949,0.511,0.36,8.21,101249,388983,4.36,0.705
Hakuryu,10,CV,Japan,35922,2309696,1225,99476,0.995,0.501,0.46,8.73,99059,291818,5.09,0.752
Shinano,10,CV,Japan,11314,469462,1338,117526,1.168,0.5529999999999999,0.65,9.94,100680,399129,5.72,0.695
Independencia,10,CV,Pan-Am.,574,4325,1131,109839,0.845,0.485,0.37,10.25,57376,304266,6.05,0.601
Audacious,10,CV,U.K.,16862,634668,1217,91260,0.93,0.5,0.53,14.83,99562,304116,4.78,0.731
Malta,10,CV,U.K.,26112,1154705,1215,99782,0.934,0.485,0.25,10.55,94984,317137,4.93,0.607
Ocean,10,CV,U.K.,2012,64600,1346,145521,1.213,0.581,0.44,10.3,68023,260557,6.02,0.732
Essex,10,CV,U.S.A.,17192,770149,1325,103137,0.955,0.514,0.8,10.24,82510,308872,10.41,0.67
Franklin D. Roosevelt,10,CV,U.S.A.,8438,533760,1266,119988,1.0,0.53,0.38,7.19,114765,334905,4.63,0.696
Midway,10,CV,U.S.A.,36612,2833709,1247,92927,0.91,0.485,0.38,12.18,95369,325780,5.43,0.724
Admiral Nakhimov,10,CV,U.S.S.R.,18622,914927,1235,110806,0.874,0.486,0.42,9.0,94906,397623,6.82,0.601
Surcouf,10,SS,France,2355,36767,1451,44056,0.617,0.527,22.01,2.32,59082,259588,0.0,0.408
U-2501,10,SS,Germany,15694,1271815,1166,40046,0.516,0.497,15.34,0.74,41228,138662,0.0,0.395
U-4501,10,SS,Germany,18037,1311491,1144,41477,0.52,0.492,15.88,1.07,34647,116130,0.0,0.445
BA Arona's Whale,10,SS,Japan,2449,84166,1126,46161,0.654,0.488,10.2,1.12,31730,229869,0.0,0.299
I-56 '44,10,SS,Japan,510,15347,1197,50229,0.687,0.494,12.06,1.12,34672,214189,0.0,0.295
Seal,10,SS,U.K.,1369,62995,1211,48382,0.645,0.502,13.0,0.77,39912,163366,0.0,0.359
Thrasher,10,SS,U.K.,3891,175288,1063,35160,0.479,0.471,13.02,1.12,33424,128903,0.0,0.303
Archerfish,10,SS,U.S.A.,3132,232975,1435,51866,0.713,0.5579999999999999,17.56,1.3,56368,207230,0.0,0.4539999999999999
Balao,10,SS,U.S.A.,13247,1059018,1196,40970,0.578,0.502,14.87,1.13,40553,144928,0.0,0.395
Gato,10,SS,U.S.A.,5664,482515,1319,52719,0.795,0.522,15.38,1.0,44665,141627,0.0,0.376
K-1,10,SS,U.S.S.R.,2247,69540,1277,48974,0.581,0.513,16.38,1.02,48913,181312,0.0,0.427
Gustav den Store,9,BB,Europe,148,1289,1165,74538,0.78,0.531,5.23,5.59,24824,1226889,4.0,0.285
Karl XIV Johan,9,BB,Europe,11927,187348,1097,64279,0.669,0.513,4.58,6.07,21402,1269294,6.52,0.322
Karl XIV Johan B,9,BB,Europe,773,6256,1082,65517,0.649,0.495,4.93,6.53,22387,1271970,6.38,0.32
Niord,9,BB,Europe,6135,89315,1203,83699,0.858,0.535,4.11,6.41,20225,1404535,6.37,0.392
Alsace,9,BB,France,48392,2473001,997,68940,0.684,0.494,3.23,4.61,20030,1351393,3.55,0.365
Jean Bart,9,BB,France,33102,5873950,1166,83948,0.876,0.524,4.39,4.66,18211,1341472,4.95,0.342
Jean Bart B,9,BB,France,27211,2229342,1166,83574,0.774,0.515,3.48,4.56,17016,1359472,6.2,0.3289999999999999
Roussillon,9,BB,France,11415,130451,1242,103172,0.907,0.525,3.39,6.12,20462,1281356,3.22,0.449
Friedrich der Grosse,9,BB,Germany,72883,3987192,929,53432,0.52,0.478,2.49,4.29,18787,1362433,2.83,0.299
Pommern,9,BB,Germany,30275,1251553,907,52711,0.507,0.482,2.64,4.7,17804,1360191,3.57,0.25
Pommern B,9,BB,Germany,6667,104502,913,50754,0.478,0.481,2.4,4.74,17286,1390211,3.98,0.207
Prinz Rupprecht,9,BB,Germany,41527,1118822,956,55980,0.602,0.498,3.4,5.43,17244,1204621,4.06,0.179
Giuseppe Verdi,9,BB,Italy,8226,171203,1055,65474,0.669,0.512,5.24,4.75,18939,1362600,4.05,0.321
Lepanto,9,BB,Italy,54786,1232776,1063,70873,0.631,0.496,3.9,4.24,18645,1330311,3.96,0.38
Marco Polo,9,BB,Italy,23843,1048489,1068,72728,0.628,0.495,2.93,3.74,19623,1373781,3.47,0.385
Pilus Posterior,9,BB,Italy,279,1151,1073,70442,0.677,0.494,5.26,4.99,19022,1352445,3.21,0.284
Pilus Prior,9,BB,Italy,802,2826,1082,76074,0.63,0.5,3.3,4.5,20166,1358885,2.8,0.365
Adatara,9,BB,Japan,26161,488936,1070,72968,0.673,0.507,2.4,4.46,17399,1166346,3.39,0.397
Daisen,9,BB,Japan,10769,226138,1125,76734,0.754,0.527,2.58,4.31,17819,1219554,4.58,0.349
Hizen,9,BB,Japan,14089,230022,1027,69983,0.641,0.499,2.38,3.8,18372,1276301,2.46,0.411
Iwami,9,BB,Japan,19134,630536,997,61388,0.566,0.495,2.4,4.25,16653,1314301,4.14,0.376
Iwami B,9,BB,Japan,2850,34585,1008,63153,0.574,0.496,2.47,4.21,17178,1333619,3.88,0.345
Izumo,9,BB,Japan,131458,7765708,954,55572,0.507,0.472,1.92,3.27,16969,1226614,2.16,0.36
Musashi,9,BB,Japan,28381,3792643,1170,91997,0.881,0.56,2.83,3.54,18168,1430658,1.56,0.481
Tsurugi,9,BB,Japan,5355,53365,1049,71076,0.691,0.504,2.61,4.02,16674,1075818,2.79,0.3339999999999999
Los Andes,9,BB,Pan-Am.,25735,384360,1140,75663,0.742,0.52,3.87,6.43,19537,1555218,5.27,0.239
Valparaíso,9,BB,Pan-Am.,13671,398595,1278,85669,0.884,0.556,4.65,7.59,26320,2007522,7.49,0.2319999999999999
Bajie,9,BB,Pan-Asia,17349,555705,1048,72649,0.657,0.501,2.19,3.79,17300,1288184,2.92,0.395
Louchuan,9,BB,Pan-Asia,1013,16634,1079,75925,0.614,0.502,2.9,4.72,18934,1370566,4.04,0.433
Sun Yat-Sen,9,BB,Pan-Asia,10449,205753,1053,66987,0.626,0.505,2.82,3.82,17778,1437404,4.67,0.332
Taihang,9,BB,Pan-Asia,9114,266900,1206,94574,0.881,0.532,2.92,5.09,17890,1307617,4.83,0.442
Wujing,9,BB,Pan-Asia,12490,298347,1051,67016,0.606,0.499,2.77,4.61,19256,1359264,5.15,0.353
Xuan Wu,9,BB,Pan-Asia,303,4082,1059,69732,0.673,0.5,2.5,3.96,17876,1308428,5.59,0.396
Yimeng,9,BB,Pan-Asia,930,7530,1203,82676,0.814,0.535,4.55,6.57,21908,1614479,5.68,0.312
Victoria,9,BB,Spain,6887,96717,1186,86504,0.845,0.534,3.79,5.07,20123,1260775,4.2,0.446
Duncan,9,BB,U.K.,32899,737795,1114,73285,0.669,0.511,3.38,4.09,18852,1339176,5.72,0.337
Lion,9,BB,U.K.,61283,2747652,950,68034,0.547,0.481,2.89,4.23,18825,1269748,2.94,0.439
Marlborough,9,BB,U.K.,12773,289242,1100,80174,0.649,0.502,2.6,5.87,16654,1210056,3.92,0.435
Scarlet Thunder,9,BB,U.K.,8727,132467,1131,81302,0.641,0.509,3.16,4.67,18092,1268580,6.63,0.3939999999999999
AL Kearsarge,9,BB,U.S.A.,2553,92198,1105,74749,0.649,0.506,1.66,5.96,33667,959791,4.56,0.456
Bird Cry,9,BB,U.S.A.,362,1841,1153,71174,0.715,0.528,2.87,8.02,32448,1121651,5.34,0.505
Delaware,9,BB,U.S.A.,21783,398708,1131,63396,0.645,0.516,2.6,7.34,37322,1110681,6.16,0.467
Georgia,9,BB,U.S.A.,44997,4715053,1099,75805,0.81,0.526,3.63,4.22,21200,1374658,4.88,0.341
Illinois,9,BB,U.S.A.,9775,195020,1157,76437,0.731,0.529,3.88,7.58,16792,1393146,7.38,0.345
Indiana,9,BB,U.S.A.,2040,29426,1220,81310,0.854,0.5479999999999999,5.24,5.3,22338,1438043,7.86,0.418
Iowa,9,BB,U.S.A.,112829,7432470,961,58965,0.584,0.478,2.54,3.22,18040,1187597,4.01,0.389
Kearsarge,9,BB,U.S.A.,51762,3623776,1126,77811,0.683,0.514,1.63,5.76,34296,1020054,4.5,0.482
Kearsarge B,9,BB,U.S.A.,5720,173373,1145,79175,0.699,0.519,1.7,5.84,34616,1003792,4.72,0.473
Minnesota,9,BB,U.S.A.,36349,1088384,1031,66690,0.629,0.488,2.54,3.84,17737,1266737,4.88,0.439
Missouri,9,BB,U.S.A.,26212,2596516,1139,69132,0.763,0.532,3.89,4.01,20763,1362919,3.68,0.4
AL Sov. Rossiya,9,BB,U.S.S.R.,9927,333915,978,61637,0.573,0.486,2.92,3.16,19849,1412526,2.52,0.348
BA Hovercraft,9,BB,U.S.S.R.,2330,38587,1183,79170,0.844,0.546,4.66,4.35,23336,1641890,5.03,0.349
Mahtaga,9,BB,U.S.S.R.,172,890,1044,67518,0.58,0.476,4.14,7.48,19202,1319666,4.73,0.2689999999999999
Navarin,9,BB,U.S.S.R.,2971,26316,1068,65873,0.623,0.504,3.68,6.33,18778,1298868,5.63,0.286
Sovetsky Soyuz,9,BB,U.S.S.R.,50286,2135298,995,61200,0.651,0.499,3.59,3.33,20240,1442909,3.11,0.311
Zarya Svobody,9,BB,U.S.S.R.,2151,12509,1254,89030,0.948,0.562,5.37,4.99,24181,1621627,4.61,0.382
Enigheten,8,BB,Europe,268,1958,1219,70246,0.99,0.55,5.23,5.56,16579,1034004,5.96,0.337
Champagne,8,BB,France,16559,448045,1210,79028,0.918,0.546,3.3,5.87,13790,1016496,4.46,0.507
Flandre,8,BB,France,12654,214062,1113,60575,0.754,0.532,3.46,5.17,15781,1303537,7.72,0.361
Gascogne,8,BB,France,17429,678587,1076,63994,0.756,0.518,3.05,4.9,15518,1210901,4.43,0.44
Picardie,8,BB,France,5539,29166,1113,68188,0.787,0.511,3.34,7.82,13623,1049193,4.22,0.41
Richelieu,8,BB,France,61946,2930623,1007,59526,0.702,0.509,3.58,3.89,14635,1211755,5.05,0.34
AL Bismarck,8,BB,Germany,866,12923,1069,56598,0.711,0.518,3.55,6.61,14583,1188431,6.15,0.275
Anhalt,8,BB,Germany,12001,151623,975,51500,0.577,0.5,2.64,6.23,13359,1137760,4.83,0.349
BA Tirpitz,8,BB,Germany,2337,28303,1035,55276,0.699,0.522,3.27,6.37,14513,1196102,4.03,0.268
Bismarck,8,BB,Germany,113364,7873134,951,48966,0.595,0.496,2.88,4.51,16016,1220603,3.91,0.321
Brandenburg,8,BB,Germany,15218,303812,1025,52365,0.685,0.514,3.35,6.3,14337,1133166,6.82,0.255
Brandenburg B,8,BB,Germany,2275,24697,1052,52710,0.699,0.518,3.59,6.84,14423,1123002,6.48,0.245
Odin,8,BB,Germany,17596,459737,1065,57755,0.757,0.535,4.62,5.42,17671,1202565,7.0,0.299
Tirpitz,8,BB,Germany,74031,5295836,965,50161,0.632,0.498,2.75,3.98,16629,927746,2.47,0.373
Tirpitz B,8,BB,Germany,11418,338713,999,51052,0.616,0.504,2.82,4.55,14765,1211412,3.97,0.272
Wahnsinn,8,BB,Germany,600,3483,1006,50324,0.631,0.521,3.42,6.65,14471,1112689,4.11,0.1889999999999999
Zieten,8,BB,Germany,41089,865851,947,45410,0.604,0.501,3.26,5.52,13531,1091693,5.21,0.192
AL Littorio,8,BB,Italy,17192,432466,1083,60989,0.776,0.521,3.91,4.57,16586,1192614,4.82,0.372
BA Binah,8,BB,Italy,1648,18844,1276,76273,1.083,0.576,8.68,8.02,15935,1153709,4.92,0.396
Marcantonio Colonna,8,BB,Italy,3761,29641,1209,71734,0.984,0.545,8.84,8.73,15282,1098150,3.97,0.369
Roma,8,BB,Italy,18462,926164,1060,60018,0.749,0.528,3.8,3.99,17697,1227960,3.81,0.408
Roma Aeterna,8,BB,Italy,664,2388,1287,81269,1.086,0.58,5.24,5.69,18335,1254526,5.42,0.436
Vittorio Veneto,8,BB,Italy,49479,1093474,1061,57811,0.686,0.511,4.59,4.31,15072,1204887,4.8,0.3779999999999999
Amagi,8,BB,Japan,167585,10569615,925,50333,0.607,0.495,2.24,3.48,14580,1029152,3.21,0.411
Ignis Purgatio,8,BB,Japan,5232,56812,1019,56782,0.678,0.515,2.72,3.88,14412,1161300,4.27,0.392
Kii,8,BB,Japan,22068,946855,989,53252,0.652,0.514,2.64,3.59,15202,1188813,5.17,0.3989999999999999
Ragnarok,8,BB,Japan,3252,36175,1000,54799,0.648,0.512,2.5,3.71,14583,1167819,4.19,0.389
Yumihari,8,BB,Japan,33653,534288,1040,61665,0.733,0.509,2.49,4.73,11967,905078,3.44,0.35
Atlântico,8,BB,Pan-Am.,7657,135842,1118,62307,0.843,0.544,4.38,6.12,13863,1153757,7.68,0.294
Ipiranga,8,BB,Pan-Am.,35375,428178,1027,53341,0.656,0.505,3.66,6.64,14321,1239931,4.6,0.238
Hawke,8,BB,U.K.,34436,608987,1093,59678,0.726,0.512,3.34,4.17,13001,1060777,7.57,0.304
Monarch,8,BB,U.K.,79949,3231128,985,55697,0.595,0.492,3.03,4.48,14746,1059826,3.87,0.382
Vanguard,8,BB,U.K.,20542,554378,1040,58485,0.668,0.512,3.05,4.66,14710,1173473,5.63,0.429
Alabama,8,BB,U.S.A.,31276,1662033,996,54182,0.664,0.508,3.2,3.34,15868,1138819,5.35,0.423
Alabama B,8,BB,U.S.A.,1778,12945,1098,60024,0.729,0.519,3.67,4.68,14275,1124219,8.58,0.391
Alabama ST,8,BB,U.S.A.,161,3504,1301,76883,1.017,0.637,5.86,4.49,19173,1277052,7.82,0.492
Alabama VL,8,BB,U.S.A.,149,1499,1440,83577,1.13,0.647,5.06,5.19,17233,1237599,9.93,0.529
Constellation,8,BB,U.S.A.,9929,144691,1045,51607,0.664,0.517,3.11,4.16,14948,1082596,7.58,0.316
Kansas,8,BB,U.S.A.,48240,1201792,999,52506,0.592,0.494,2.56,3.83,13164,1120099,6.7,0.421
Kheper,8,BB,U.S.A.,349,1340,1111,65150,0.789,0.5429999999999999,3.71,5.51,13997,1099871,6.27,0.429
Massachusetts,8,BB,U.S.A.,53749,2883273,1057,59107,0.767,0.531,4.01,4.52,16771,1262442,7.39,0.3379999999999999
Massachusetts B,8,BB,U.S.A.,18940,741672,1112,61976,0.815,0.547,4.35,5.18,16435,1287818,8.29,0.341
Nebraska,8,BB,U.S.A.,31704,507045,1084,51843,0.667,0.514,3.0,6.94,25967,862986,7.64,0.429
North Carolina,8,BB,U.S.A.,144803,9095509,933,49327,0.59,0.483,2.52,3.2,13824,940887,4.91,0.402
North Carolina CLR,8,BB,U.S.A.,8075,114468,1127,64523,0.821,0.536,3.41,4.5,13912,1101357,7.47,0.414
Tennessee,8,BB,U.S.A.,13432,186237,1214,78072,0.936,0.551,3.02,6.85,12677,1002405,7.18,0.475
Borodino,8,BB,U.S.S.R.,12119,286437,1192,65548,0.819,0.564,3.9,4.25,15664,1170913,6.71,0.319
Lenin,8,BB,U.S.S.R.,24117,978311,1116,60635,0.834,0.542,4.36,3.32,16945,1282148,6.17,0.317
Vladivostok,8,BB,U.S.S.R.,66733,2647920,1030,54133,0.721,0.518,4.01,3.31,17097,1286120,5.05,0.321
August von Parseval,8,CV,Germany,30390,1110862,1108,62354,0.854,0.501,0.55,9.96,61828,233241,5.02,0.702
Graf Zeppelin,8,CV,Germany,19116,707373,1105,64567,0.833,0.498,0.7,10.04,57024,278262,4.77,0.662
Graf Zeppelin B,8,CV,Germany,9555,235835,1131,67792,0.876,0.513,0.77,10.27,59480,283898,4.75,0.653
Aquila,8,CV,Italy,8319,123363,1244,83540,1.074,0.552,0.46,10.61,56352,207588,4.3,0.647
Kaga,8,CV,Japan,46248,2603072,1158,74899,0.942,0.518,0.34,9.45,58804,201230,3.7,0.694
Kaga B,8,CV,Japan,12821,455239,1206,80104,1.01,0.539,0.37,9.61,61554,204751,3.63,0.6809999999999999
Shokaku,8,CV,Japan,71496,3631673,1081,59698,0.844,0.486,0.5,9.54,55789,196676,4.24,0.729
Sanzang,8,CV,Pan-Asia,8011,99188,1168,77226,0.926,0.515,0.61,9.18,60054,214066,4.31,0.679
Colossus,8,CV,U.K.,4594,87112,1292,85647,1.187,0.569,0.39,11.13,58033,200016,5.22,0.67
Implacable,8,CV,U.K.,30432,1060947,1094,59117,0.787,0.487,0.57,12.71,56011,243107,5.11,0.721
Indomitable,8,CV,U.K.,21663,1035288,1192,74493,0.853,0.509,0.5,18.86,56783,234812,4.82,0.708
Theseus,8,CV,U.K.,7932,95997,1212,94329,0.877,0.531,0.31,9.34,54063,213612,3.77,0.6559999999999999
AL Hornet,8,CV,U.S.A.,1608,30780,1101,66385,0.875,0.491,0.46,8.52,54319,264780,3.51,0.598
Enterprise,8,CV,U.S.A.,15889,839704,1293,70877,1.126,0.556,0.68,13.5,59632,222986,7.26,0.769
Hornet,8,CV,U.S.A.,15236,289380,1100,66645,0.897,0.495,0.45,8.69,50251,250028,3.69,0.631
Lexington,8,CV,U.S.A.,65446,3907055,1110,62151,0.849,0.489,0.38,11.21,54459,216059,5.09,0.698
Saipan,8,CV,U.S.A.,19228,570783,1181,74405,0.968,0.516,0.67,10.84,55838,193676,4.71,0.746
Saipan B,8,CV,U.S.A.,4827,71024,1200,82822,0.973,0.527,0.63,9.17,58903,213785,4.54,0.6829999999999999
Yorktown,8,CV,U.S.A.,32234,819529,1120,61234,0.708,0.505,0.76,10.57,53576,253745,8.23,0.6679999999999999
Chkalov,8,CV,U.S.S.R.,15660,536031,1208,72635,0.941,0.527,0.63,11.51,56874,273567,6.92,0.64
Chkalov B,8,CV,U.S.S.R.,5231,93782,1145,66489,0.829,0.502,0.57,10.68,54470,280006,7.22,0.598
Pobeda,8,CV,U.S.S.R.,30430,998172,1128,70548,0.796,0.492,0.6,9.3,56470,314132,5.47,0.635
U-190,8,SS,Germany,33959,1485644,991,25159,0.438,0.5,16.02,0.91,25972,121358,0.0,0.359
I-56,8,SS,Japan,12883,307285,947,29801,0.601,0.487,9.98,1.17,18197,174163,0.0,0.247
Alliance,8,SS,U.K.,7883,75094,933,21228,0.384,0.498,14.75,1.07,25281,114970,0.0,0.335
Sturdy,8,SS,U.K.,8415,257915,939,22563,0.41,0.489,14.52,1.13,22217,107291,0.0,0.308
Salmon,8,SS,U.S.A.,21278,1053195,1040,27875,0.524,0.511,15.16,1.28,25643,138100,0.0,0.37
L-20,8,SS,U.S.S.R.,3307,57729,1044,28766,0.451,0.506,17.02,1.21,28610,129860,0.0,0.368
S-189,8,SS,U.S.S.R.,9109,239096,1036,25995,0.456,0.512,17.63,0.85,29420,116921,0.0,0.401
Yukon,7,BB,Commonw.,9909,67282,1038,56297,0.863,0.544,4.71,4.86,14286,1023931,4.67,0.387
Chios,7,BB,Europe,3246,24931,1024,57168,0.881,0.52,5.05,7.15,13995,951399,2.86,0.317
Lugdunum,7,BB,Europe,6443,42821,1025,54598,0.855,0.527,3.99,7.76,12312,931089,5.63,0.341
Lyon,7,BB,France,65641,2460755,921,52000,0.795,0.51,2.86,4.95,11626,944156,3.94,0.413
Strasbourg,7,BB,France,20091,215960,1008,57051,0.807,0.523,3.72,4.61,12127,997544,2.87,0.3
AL Prinz Heinrich,7,BB,Germany,2733,37815,963,46506,0.82,0.527,3.99,5.84,11995,977072,3.72,0.252
Gneisenau,7,BB,Germany,117577,5584358,884,42742,0.647,0.502,3.32,3.6,14124,1067025,4.09,0.3379999999999999
Prinz Heinrich,7,BB,Germany,54292,1115857,895,43088,0.692,0.509,3.49,4.87,12073,999974,3.5,0.222
Scharnhorst,7,BB,Germany,79947,3032834,966,48759,0.781,0.518,3.83,5.12,15123,1082987,2.43,0.379
Scharnhorst '43,7,BB,Germany,50822,996408,906,41211,0.67,0.509,3.77,6.44,12684,1026331,3.94,0.264
Scharnhorst B,7,BB,Germany,12036,246547,1001,49383,0.738,0.525,3.61,5.26,13864,1084595,3.87,0.313
Francesco Caracciolo,7,BB,Italy,58284,1043073,1002,53953,0.77,0.52,4.22,4.48,14044,1057600,4.38,0.384
Ashitaka,7,BB,Japan,52157,477042,943,56977,0.802,0.524,2.29,3.65,10359,879605,0.88,0.374
Hyuga,7,BB,Japan,20267,218597,985,56128,0.838,0.541,2.69,5.64,11412,1018913,2.22,0.435
Nagato,7,BB,Japan,216039,12045060,872,45296,0.61,0.487,1.83,3.34,10497,738205,1.84,0.4039999999999999
Teng She,7,BB,Pan-Asia,13267,65879,1086,65678,0.957,0.546,3.8,4.67,12646,985152,4.74,0.369
Collingwood,7,BB,U.K.,12448,89269,1036,64271,0.922,0.535,3.26,4.35,9673,824859,2.74,0.309
Danu,7,BB,U.K.,362,1164,963,52356,0.704,0.497,3.92,5.6,13047,944900,4.52,0.357
Duke of York,7,BB,U.K.,83817,1321323,920,48429,0.658,0.499,3.18,4.44,11748,960111,4.99,0.374
Hood,7,BB,U.K.,33209,745282,936,50118,0.752,0.519,3.27,3.89,13601,1130988,3.87,0.4039999999999999
King George V,7,BB,U.K.,102864,4085614,948,55596,0.723,0.511,2.97,4.98,12153,938390,2.82,0.413
Nelson,7,BB,U.K.,25511,994608,1035,61972,0.871,0.547,3.74,4.35,12641,1098782,2.75,0.3929999999999999
Renown '44,7,BB,U.K.,14301,93084,1025,51003,0.891,0.5379999999999999,4.44,4.58,12557,956637,6.31,0.276
Rodney,7,BB,U.K.,5833,32081,1083,63133,1.008,0.551,4.5,4.8,12622,1013338,4.42,0.305
Rooke,7,BB,U.K.,41744,707982,1027,56205,0.837,0.523,3.65,4.52,11508,896851,5.7,0.301
Royal Sovereign,7,BB,U.K.,1899,7058,1100,62371,1.023,0.5489999999999999,5.49,8.61,14529,988161,3.32,0.336
California,7,BB,U.S.A.,16977,192485,975,51905,0.728,0.517,2.77,5.13,11508,851258,6.43,0.4629999999999999
Colorado,7,BB,U.S.A.,163703,7488303,885,45041,0.618,0.487,1.91,3.7,10825,784448,2.5,0.426
Florida,7,BB,U.S.A.,21462,278432,1030,55672,0.798,0.531,3.47,4.99,11849,815888,6.88,0.402
West Virginia '44,7,BB,U.S.A.,13974,99802,980,48528,0.788,0.53,3.96,6.22,12005,937108,6.77,0.318
Arkhangelsk,7,BB,U.S.S.R.,2768,13573,1155,78092,1.159,0.561,3.46,6.67,11611,783384,2.64,0.452
Poltava,7,BB,U.S.S.R.,13844,110717,1046,57178,0.868,0.544,3.9,4.86,13395,1012533,5.29,0.379
Sinop,7,BB,U.S.S.R.,79721,2391939,955,50767,0.8,0.517,3.65,3.24,13450,1053405,4.26,0.321
Laudon,6,BB,Europe,67,276,1004,60081,1.159,0.594,5.44,8.67,10986,784488,1.62,0.471
Dunkerque,6,BB,France,86950,1463132,883,46973,0.783,0.525,3.91,4.05,11780,963635,3.05,0.319
Dunkerque B,6,BB,France,16060,170263,989,55733,0.961,0.55,4.72,5.57,10394,951775,4.65,0.313
Normandie,6,BB,France,73965,1668490,814,45698,0.782,0.514,3.21,4.89,10450,926937,1.04,0.4029999999999999
Bayern,6,BB,Germany,139107,4619056,792,37692,0.631,0.494,3.1,3.95,11448,899565,2.54,0.3779999999999999
Mackensen,6,BB,Germany,54091,721038,811,38586,0.736,0.514,3.77,5.48,10737,896736,1.26,0.248
Prinz Eitel Friedrich,6,BB,Germany,30147,465878,878,44273,0.827,0.531,4.0,5.03,11688,1018345,4.15,0.352
Andrea Doria,6,BB,Italy,58263,723623,882,43270,0.751,0.505,4.03,5.2,10785,877125,5.39,0.354
Fuso,6,BB,Japan,251090,12277496,806,41012,0.68,0.501,1.92,3.98,9274,661071,1.82,0.431
Ise,6,BB,Japan,35660,658977,947,48347,0.876,0.568,2.89,6.99,16989,718523,7.22,0.537
Mutsu,6,BB,Japan,65826,703645,897,48449,0.787,0.531,2.77,3.79,9816,885117,1.9,0.386
Queen Elizabeth,6,BB,U.K.,112165,2815645,804,40706,0.626,0.494,2.73,4.01,10379,859442,4.29,0.382
Renown,6,BB,U.K.,41339,481099,860,42600,0.743,0.503,3.72,4.34,9473,800429,6.01,0.267
Repulse,6,BB,U.K.,37780,417609,868,48853,0.806,0.521,3.38,4.61,9678,818605,2.27,0.321
Repulse B,6,BB,U.K.,2078,14386,928,54994,0.967,0.54,4.15,5.54,9390,809959,2.13,0.345
Warspite,6,BB,U.K.,68780,2072116,855,42194,0.705,0.507,2.99,3.83,11476,784847,2.66,0.387
Arizona,6,BB,U.S.A.,63623,805553,883,48414,0.86,0.5429999999999999,3.13,4.49,11772,879269,1.78,0.4629999999999999
New Mexico,6,BB,U.S.A.,186467,7646560,814,38810,0.673,0.498,2.45,3.87,10330,634536,2.16,0.425
W. Virginia '41,6,BB,U.S.A.,26504,338107,941,56417,0.923,0.5589999999999999,2.93,4.46,9512,864516,2.46,0.414
Izmail,6,BB,U.S.S.R.,88226,2035196,863,44287,0.813,0.511,3.0,3.55,10250,860578,4.67,0.306
Novorossiysk,6,BB,U.S.S.R.,20517,148874,948,51784,0.928,0.536,4.45,6.31,10271,881515,3.37,0.377
Béarn,6,CV,France,19506,314142,1113,46356,1.15,0.612,0.43,15.31,31062,175564,11.19,0.695
Erich Loewenhardt,6,CV,Germany,11876,280881,1103,55537,1.182,0.599,1.15,16.57,37876,189982,4.87,0.726
Weser,6,CV,Germany,65312,1228390,840,38481,0.694,0.494,0.82,10.3,34376,205641,4.88,0.675
Ryujo,6,CV,Japan,123310,4260129,893,44305,0.833,0.506,0.67,10.22,32875,125052,4.16,0.704
Ark Royal,6,CV,U.K.,34085,499229,946,44347,0.925,0.5379999999999999,0.67,13.25,31035,198541,5.02,0.639
Furious,6,CV,U.K.,49588,1257232,907,45505,0.813,0.51,0.67,12.89,31695,180584,4.97,0.66
Independence,6,CV,U.S.A.,36425,413190,852,37737,0.596,0.5,0.97,11.26,26404,196848,7.91,0.637
Ranger,6,CV,U.S.A.,111323,3450247,828,37761,0.665,0.482,0.34,10.12,30841,178658,4.16,0.599
Serov,6,CV,U.S.S.R.,51323,1139389,897,47358,0.779,0.506,1.06,9.78,28758,188694,5.28,0.625
U-69,6,SS,Germany,64308,1996189,760,21987,0.527,0.509,12.1,1.23,13246,108062,0.0,0.363
Xin Zhong Guo 14,6,SS,Pan-Asia,8700,44735,757,21934,0.444,0.517,12.57,1.43,16008,129658,0.0,0.356
Undine,6,SS,U.K.,27027,472871,718,19378,0.489,0.498,11.39,1.27,12009,93494,0.0,0.325
Cachalot,6,SS,U.S.A.,47185,1252334,706,18729,0.475,0.498,9.8,1.31,11727,130616,0.0,0.325
S-1,6,SS,U.S.S.R.,14075,109265,738,19412,0.393,0.51,15.24,1.55,15795,128431,0.0,0.381
Tegetthoff,5,BB,Europe,17300,94830,804,50985,1.176,0.521,5.64,11.36,8190,618491,0.38,0.341
Viribus Unitis,5,BB,Europe,33795,181418,748,42272,0.897,0.517,3.77,6.74,8848,594504,0.11,0.37
Bretagne,5,BB,France,78441,1236679,697,36360,0.708,0.491,2.72,4.97,8587,688147,2.11,0.364
Derfflinger,5,BB,Germany,56671,579259,723,36956,0.793,0.512,4.47,7.39,9737,761274,0.99,0.294
König,5,BB,Germany,162316,4497704,711,36512,0.728,0.507,3.27,5.12,10390,774445,2.22,0.3939999999999999
Conte di Cavour,5,BB,Italy,64181,624859,768,42061,0.89,0.505,3.88,7.09,9296,700604,1.64,0.35
Giulio Cesare,5,BB,Italy,15188,829380,1011,63750,1.448,0.634,6.08,7.4,11266,818504,2.8,0.562
ARP Haruna,5,BB,Japan,42702,697062,749,38926,0.739,0.5329999999999999,3.32,4.36,10605,737649,2.0,0.426
ARP Hiei,5,BB,Japan,56566,868610,746,39076,0.752,0.528,3.4,4.58,10551,518325,1.91,0.436
ARP Kirishima,5,BB,Japan,56486,1512389,740,38337,0.742,0.522,3.44,4.49,10622,333293,1.59,0.4479999999999999
ARP Kongo,5,BB,Japan,56264,1482572,785,41953,0.829,0.542,3.63,4.68,10706,457253,1.93,0.451
HSF Hiei,5,BB,Japan,1663,40112,858,51740,1.048,0.573,4.41,6.49,10646,850711,2.86,0.4529999999999999
Kongo,5,BB,Japan,298035,10723483,674,31511,0.594,0.492,2.6,3.96,9375,517481,1.92,0.409
Rio de Janeiro,5,BB,Pan-Am.,11875,121441,823,52127,1.198,0.5479999999999999,4.12,10.95,7382,654958,0.0,0.392
Agincourt,5,BB,U.K.,21925,307632,896,56939,1.509,0.588,6.18,14.41,8580,665928,0.0,0.362
Iron Duke,5,BB,U.K.,127897,2731181,721,39548,0.744,0.504,2.83,5.08,9521,751989,2.44,0.4
Tiger,5,BB,U.K.,41752,373196,753,41763,0.907,0.514,4.57,7.53,8976,706934,1.25,0.315
New York,5,BB,U.S.A.,220220,6250371,704,32662,0.622,0.486,2.04,4.43,8237,496070,1.08,0.402
Oklahoma,5,BB,U.S.A.,19836,131530,796,44228,0.904,0.546,3.67,7.19,10347,753070,2.49,0.4039999999999999
Texas,5,BB,U.S.A.,75599,1436101,844,41403,0.785,0.531,2.92,4.41,9218,706688,4.18,0.429
Oktyabrskaya Revolutsiya,5,BB,U.S.S.R.,57733,1396975,812,46034,0.938,0.534,4.16,6.11,10245,822697,3.36,0.449
Pyotr Velikiy,5,BB,U.S.S.R.,96135,1651889,738,39278,0.792,0.508,3.68,4.29,10372,779305,3.02,0.312
Yavuz Sultan Selim,4,BB,Europe,11466,65033,723,51935,1.59,0.514,7.68,18.19,4897,537579,0.25,0.337
Courbet,4,BB,France,56264,522456,572,36808,0.979,0.496,4.25,9.57,5112,562885,1.37,0.375
Kaiser,4,BB,Germany,156552,2498488,608,39006,1.048,0.517,4.8,9.29,5997,596582,2.52,0.422
Moltke,4,BB,Germany,39918,247660,638,42980,1.277,0.503,6.44,15.83,5109,585387,1.06,0.362
Dante Alighieri,4,BB,Italy,49637,254059,679,46301,1.374,0.516,6.35,12.55,5346,587834,3.09,0.3929999999999999
Ishizuchi,4,BB,Japan,56991,856151,633,39599,1.062,0.5329999999999999,4.67,9.53,5703,495151,0.2,0.358
Myogi,4,BB,Japan,279760,6276788,527,24908,0.61,0.477,4.03,7.86,5494,288550,0.91,0.385
Orion,4,BB,U.K.,110341,1500201,645,45541,1.231,0.542,4.75,9.33,5421,577925,3.54,0.45
Queen Mary,4,BB,U.K.,30705,159484,658,45240,1.298,0.509,5.74,13.67,5182,570197,1.42,0.362
Arkansas Beta,4,BB,U.S.A.,16544,485169,695,42519,1.164,0.562,4.41,9.25,6434,238486,0.0,0.439
Wyoming,4,BB,U.S.A.,234341,5302126,587,33514,0.874,0.502,3.77,9.69,4935,316447,1.35,0.407
Gangut,4,BB,U.S.S.R.,72918,642154,624,42586,1.269,0.518,5.94,10.41,4901,561730,1.14,0.363
Imperator Nikolai I,4,BB,U.S.S.R.,5494,210408,693,47944,1.32,0.608,5.75,6.69,7694,373684,0.06,0.461
Rhein,4,CV,Germany,85835,880200,549,31291,0.793,0.514,2.15,18.61,13152,154780,5.13,0.628
Hosho,4,CV,Japan,158329,2738623,541,31719,0.827,0.507,1.69,13.29,14526,130405,2.77,0.631
Hermes,4,CV,U.K.,61449,781082,551,29681,0.847,0.519,1.65,17.84,15275,192459,2.62,0.624
Langley,4,CV,U.S.A.,140697,2419183,529,29120,0.763,0.501,0.64,15.59,13337,141654,3.15,0.579
Komsomolets,4,CV,U.S.S.R.,50184,425081,511,28395,0.718,0.499,1.09,17.82,11503,147786,2.02,0.563
Turenne,3,BB,France,59676,344430,523,30482,1.049,0.517,5.7,10.66,4463,469203,0.02,0.4
König Albert,3,BB,Germany,4244,39331,716,46186,1.725,0.632,7.2,14.5,5403,559428,0.12,0.509
Nassau,3,BB,Germany,170633,1540925,540,32820,1.201,0.532,6.21,11.99,4793,476606,0.06,0.412
Von der Tann,3,BB,Germany,36566,149774,611,41326,1.552,0.527,6.81,18.85,3160,475118,0.37,0.428
Kawachi,3,BB,Japan,279048,3028615,479,21451,0.805,0.491,6.08,10.84,3862,214069,0.04,0.346
Bellerophon,3,BB,U.K.,107944,763165,539,33222,1.108,0.515,4.96,11.01,4146,454761,0.29,0.416
Dreadnought,3,BB,U.K.,48247,224287,629,39933,1.426,0.527,5.93,15.37,3648,451941,0.0,0.419
Indefatigable,3,BB,U.K.,12667,52132,627,43438,1.656,0.513,6.12,21.39,1936,422405,0.43,0.4479999999999999
South Carolina,3,BB,U.S.A.,239546,2529103,507,24872,0.841,0.491,4.4,12.34,3268,224719,0.03,0.3829999999999999
Knyaz Suvorov,3,BB,U.S.S.R.,70977,382587,565,36157,1.327,0.5329999999999999,6.04,11.87,3506,416677,0.22,0.406
Mikasa,2,BB,Japan,36762,308440,509,27453,1.449,0.54,4.94,13.12,3616,373656,0.0,0.3939999999999999
Oregon,10,BB,U.S.A.,7655,104469,1192,89683,0.862,0.511,2.87,3.56,19236,1488930,6.02,0.29
Hakuryu  (< 23.01.2019),10,CV,Japan,1585,107584,1365,88474,1.308,0.529,0.63,6.42,120030,151491,27.88,0.797
Midway  (< 23.01.2019),10,CV,U.S.A.,2021,149688,1402,107293,1.474,0.499,0.61,5.96,101253,205353,27.26,0.797
U-2501  (< 04.10.2022),10,SS,Germany,35675,547956,848,36605,0.547,0.499,16.29,0.74,28574,130170,0.0,0.409
Balao  (< 04.10.2022),10,SS,U.S.A.,27405,287607,855,33672,0.533,0.504,17.45,1.08,29961,140284,0.0,0.391
Hotaka,9,BB,Japan,3383,20511,1130,69997,0.712,0.5429999999999999,3.89,7.62,20451,1504198,5.61,0.253
Taiho  (< 23.01.2019),9,CV,Japan,3744,341211,1170,81895,1.34,0.529,0.51,6.36,100553,133493,20.81,0.805
Essex  (< 23.01.2019),9,CV,U.S.A.,3354,216863,1046,77446,1.076,0.4579999999999999,0.39,5.84,83766,127627,21.95,0.747
Graf Zeppelin  (< 23.01.2019),8,CV,Germany,562,27059,1258,89286,1.44,0.616,0.88,5.06,81272,220613,19.37,0.7859999999999999
Shokaku  (< 23.01.2019),8,CV,Japan,8025,630919,1048,55686,0.943,0.517,0.37,5.88,80501,97358,18.15,0.782
Enterprise  (< 23.01.2019),8,CV,U.S.A.,2687,103846,1152,72437,1.113,0.579,0.34,4.03,89691,181940,20.88,0.83
Lexington  (< 23.01.2019),8,CV,U.S.A.,7385,474042,955,51972,0.765,0.452,0.26,5.5,61195,138962,18.46,0.724
U-190  (< 04.10.2022),8,SS,Germany,44310,396529,750,20493,0.413,0.499,15.55,0.8,17019,114113,0.0,0.364
Salmon  (< 04.10.2022),8,SS,U.S.A.,32292,194815,756,20302,0.41,0.505,15.06,0.99,18167,141359,0.0,0.341
Hiryu  (< 23.01.2019),7,CV,Japan,18316,1227943,935,45715,0.848,0.492,0.29,4.77,50467,74746,17.57,0.735
Kaga  (< 23.01.2019),7,CV,Japan,3456,137006,1034,66541,1.4,0.579,0.31,4.21,59468,162976,15.79,0.735
Ranger  (< 23.01.2019),7,CV,U.S.A.,13678,746545,888,41156,0.681,0.439,0.13,4.74,42144,93465,17.76,0.636
Saipan  (< 23.01.2019),7,CV,U.S.A.,6948,476286,1179,51217,1.085,0.599,0.57,3.95,63720,114850,24.83,0.804
Ryujo  (< 23.01.2019),6,CV,Japan,40202,1804336,854,36927,0.73,0.507,0.39,3.93,41509,60716,11.25,0.697
Independence  (< 23.01.2019),6,CV,U.S.A.,29688,1128698,863,31621,0.602,0.485,0.52,3.56,38009,91235,14.41,0.695
U-69  (< 04.10.2022),6,SS,Germany,62054,600348,670,21349,0.543,0.508,12.8,1.12,11259,103415,0.0,0.3779999999999999
Cachalot  (< 04.10.2022),6,SS,U.S.A.,48137,228074,596,16185,0.416,0.492,10.09,1.01,10196,127914,0.0,0.3
Zuiho  (< 23.01.2019),5,CV,Japan,68176,2761717,760,42388,0.925,0.504,0.62,3.79,25696,62558,8.71,0.605
Bogue  (< 23.01.2019),5,CV,U.S.A.,50261,1855317,768,29156,0.602,0.492,0.22,3.45,26891,80397,15.48,0.5529999999999999
Hosho  (< 23.01.2019),4,CV,Japan,101260,2602254,607,37165,0.869,0.504,0.54,2.48,19719,55313,7.89,0.583
Langley  (< 23.01.2019),4,CV,U.S.A.,79534,1933220,613,30122,0.668,0.493,0.15,4.0,21107,66707,10.86,0.512
Condé,11,CA,France,26741,775349,1345,101744,0.952,0.504,4.82,6.2,25389,1473538,5.09,0.431
Clausewitz,11,CA,Germany,7339,218699,1328,109807,0.761,0.492,3.9,8.98,22505,1530675,5.82,0.472
Piemonte,11,CA,Italy,4901,110268,1429,122221,0.985,0.527,5.99,7.51,25775,1600165,4.13,0.509
Edgar,11,CA,U.K.,6533,260245,1353,78669,0.831,0.503,15.63,8.46,23552,979799,10.88,0.377
Annapolis,11,CA,U.S.A.,19827,636803,1279,78776,0.798,0.494,7.01,7.91,21196,1106926,7.84,0.3389999999999999
Jacksonville,11,CA,U.S.A.,4815,118788,1395,95474,0.913,0.522,9.54,10.05,23444,1139479,11.11,0.409
Novosibirsk,11,CA,U.S.S.R.,4581,95873,1275,89233,0.781,0.505,4.69,7.34,24715,1531610,5.22,0.337
Brisbane,10,CA,Commonw.,16957,470968,1118,43588,0.56,0.5,10.96,9.2,29574,912038,8.45,0.342
Brisbane B,10,CA,Commonw.,2238,30757,1070,39432,0.475,0.482,9.83,7.78,28902,937939,8.25,0.294
Cerberus,10,CA,Commonw.,11654,296767,1234,86100,0.733,0.513,10.0,8.77,20799,937346,3.81,0.447
Pioneer,10,CA,Commonw.,802,12157,1337,72756,0.847,0.565,16.04,10.64,33035,1013242,4.31,0.429
Svea,10,CA,Europe,4013,119738,1343,70800,0.782,0.565,19.36,13.51,31534,1009542,7.51,0.45
Amiral Lartigue,10,CA,France,3025,75335,1307,93166,0.752,0.535,4.17,6.92,31560,1355741,5.57,0.4429999999999999
Brennus,10,CA,France,6720,208198,1369,116985,0.842,0.537,4.3,8.23,25581,1457323,3.52,0.516
Colbert,10,CA,France,8484,554801,1191,67365,0.735,0.514,12.13,9.38,21005,944998,7.42,0.375
Henri IV,10,CA,France,37536,2001910,1174,87838,0.731,0.504,4.49,6.25,22925,1354598,3.93,0.456
Marseille,10,CA,France,29534,987325,1261,84583,0.755,0.524,5.56,5.25,25491,1442465,6.45,0.35
AL Hindenburg,10,CA,Germany,2571,62297,1121,80883,0.557,0.474,3.43,7.71,20554,1275911,4.4,0.3989999999999999
Bremen,10,CA,Germany,13359,233651,1216,91177,0.72,0.5,4.18,9.07,21044,1307126,5.08,0.397
Bremen Golden,10,CA,Germany,1450,17077,1254,96984,0.768,0.514,4.37,9.29,21243,1344097,5.01,0.41
Hildebrand,10,CA,Germany,9807,474304,1299,70175,0.773,0.5489999999999999,3.15,8.93,59168,666161,4.61,0.598
Hindenburg,10,CA,Germany,63396,5500712,1161,78701,0.601,0.482,3.96,7.18,21048,1203801,3.63,0.441
Prinz Adalbert,10,CA,Germany,8240,118993,1224,73855,0.674,0.515,6.04,7.03,26328,1481122,7.01,0.218
Napoli,10,CA,Italy,59242,2496346,1103,58748,0.619,0.5,10.75,6.92,29134,1328917,4.45,0.2739999999999999
Napoli B,10,CA,Italy,5692,138765,1102,57420,0.593,0.496,9.97,6.44,28383,1317604,4.41,0.247
Varese,10,CA,Italy,3355,34506,1231,73956,0.683,0.529,6.47,8.01,27535,1934823,5.49,0.255
Venezia,10,CA,Italy,60479,4586411,1253,88287,0.729,0.509,7.83,7.25,25711,1193209,4.91,0.534
Kitakami,10,CA,Japan,4567,198304,1167,70213,0.853,0.537,23.57,3.44,46449,584497,0.07,0.5
Kushiro,10,CA,Japan,8561,66282,1266,82493,0.751,0.528,12.13,8.65,29182,1200812,5.02,0.456
Yodo,10,CA,Japan,13445,509097,1120,53736,0.614,0.493,8.15,7.24,27838,989001,8.72,0.3939999999999999
Yoshino,10,CA,Japan,50150,4162612,1085,77125,0.562,0.477,3.2,5.4,19786,1140582,4.55,0.4639999999999999
Yoshino B,10,CA,Japan,9573,268377,1080,75504,0.539,0.469,2.92,5.4,18791,1164864,4.74,0.427
Zao,10,CA,Japan,48818,5854651,1102,71033,0.663,0.49,6.13,6.41,24855,945227,3.16,0.467
Zao CLR,10,CA,Japan,318,14673,1162,72228,0.677,0.502,6.33,7.61,26158,1090906,4.27,0.43
Gouden Leeuw,10,CA,Netherlands,42220,2360242,1250,76158,0.674,0.515,9.68,7.47,23072,1194255,10.45,0.351
Prins van Oranje,10,CA,Netherlands,10807,389874,1289,89347,0.692,0.514,6.28,7.37,23513,1357397,9.38,0.406
Prins van Oranje Golden,10,CA,Netherlands,1937,50088,1304,92982,0.707,0.512,5.95,7.3,23875,1390466,9.31,0.417
Utrecht,10,CA,Netherlands,14749,469191,1271,84860,0.723,0.508,9.55,10.81,23702,953488,9.2,0.402
San Martín,10,CA,Pan-Am.,13463,310232,1250,62757,0.689,0.532,11.64,10.34,28348,1273939,8.61,0.37
Incheon,10,CA,Pan-Asia,4899,63833,1150,72782,0.654,0.49,9.1,7.4,18278,1029036,6.49,0.355
Jinan,10,CA,Pan-Asia,30222,1304815,1104,56651,0.646,0.487,15.19,7.34,24867,749348,8.39,0.3429999999999999
Castilla,10,CA,Spain,16416,436242,1221,82203,0.75,0.506,5.1,6.6,25551,1268490,4.59,0.406
Defence,10,CA,U.K.,13061,207893,1217,85623,0.732,0.513,8.55,5.1,20547,1289307,4.53,0.3779999999999999
Gibraltar,10,CA,U.K.,2358,78555,1230,73880,0.716,0.521,11.12,7.07,20461,1168620,5.69,0.373
Goliath,10,CA,U.K.,22181,767977,1184,81886,0.653,0.507,6.13,6.29,25353,1434818,5.74,0.4589999999999999
Minotaur,10,CA,U.K.,44120,4387160,1148,58134,0.728,0.513,15.6,8.54,23362,886296,6.98,0.379
Monmouth,10,CA,U.K.,3671,56422,1233,82633,0.73,0.509,5.5,6.94,24569,1431073,5.04,0.411
Plymouth,10,CA,U.K.,3152,148751,1216,59986,0.706,0.54,20.83,11.98,28911,861212,4.63,0.3939999999999999
Austin,10,CA,U.S.A.,8031,542920,1244,62679,0.796,0.526,14.75,8.52,25455,850890,10.48,0.382
Des Moines,10,CA,U.S.A.,68139,6954908,1162,61615,0.663,0.503,8.03,6.97,20713,993881,5.25,0.3279999999999999
Hawaii,10,CA,U.S.A.,12946,270378,1247,80049,0.685,0.523,7.23,9.2,22742,1361920,7.99,0.34
Hawaii Golden,10,CA,U.S.A.,1372,18116,1278,83483,0.727,0.536,7.35,9.28,23009,1378933,7.99,0.3379999999999999
Puerto Rico,10,CA,U.S.A.,23130,948128,1141,69228,0.6,0.508,4.74,5.45,25350,1469005,6.47,0.362
Puerto Rico B,10,CA,U.S.A.,120,2191,1200,72567,0.607,0.53,5.0,5.78,27208,1543439,6.47,0.365
Salem,10,CA,U.S.A.,35746,2219317,1100,62416,0.618,0.49,7.56,6.26,18355,1101783,6.23,0.297
Worcester,10,CA,U.S.A.,46521,3425246,1107,59102,0.606,0.495,9.91,8.68,20571,935751,7.65,0.3829999999999999
Alexander Nevsky,10,CA,U.S.S.R.,40951,1688541,1177,76162,0.584,0.495,4.07,11.48,23715,1244430,5.69,0.4679999999999999
Komissar,10,CA,U.S.S.R.,4132,161300,1351,93084,0.813,0.534,4.13,9.21,43520,964292,5.54,0.55
Moskva,10,CA,U.S.S.R.,73629,5642815,1119,71141,0.565,0.495,3.93,7.15,22585,1396263,4.62,0.369
Petropavlovsk,10,CA,U.S.S.R.,59790,3741078,1185,66937,0.637,0.518,6.47,7.11,26278,1430470,7.67,0.3379999999999999
PTRPVLSK,10,CA,U.S.S.R.,809,5238,1233,74403,0.685,0.521,5.53,7.02,27169,1572593,5.82,0.309
Sevastopol,10,CA,U.S.S.R.,5550,178701,1246,78997,0.725,0.527,5.64,4.84,29041,1554975,6.18,0.432
Smolensk,10,CA,U.S.S.R.,27127,2439069,1162,73785,0.693,0.495,12.29,9.22,18344,839619,5.75,0.4029999999999999
Smolensk B,10,CA,U.S.S.R.,331,10762,1231,79032,0.771,0.51,12.63,9.39,19662,863855,5.93,0.357
Stalingrad,10,CA,U.S.S.R.,28227,2641618,1313,92483,0.822,0.55,4.18,5.96,23915,1457336,6.74,0.411
Encounter,9,CA,Commonw.,11825,190623,1116,67271,0.665,0.522,11.46,8.6,17886,784541,2.47,0.4029999999999999
Hector,9,CA,Commonw.,1007,26447,1123,52350,0.66,0.534,19.49,9.81,22181,772489,4.43,0.391
BA Utnapishtim's Ship,9,CA,France,2214,38380,1156,69572,0.698,0.54,6.18,5.98,23577,1327390,5.26,0.273
Brest,9,CA,France,30772,654505,1076,58893,0.584,0.513,5.88,4.4,20214,1155711,5.51,0.272
Carnot,9,CA,France,11728,274594,1062,62069,0.582,0.511,4.46,5.59,21351,1235413,4.8,0.367
Le Havre,9,CA,France,663,12912,1185,73809,0.672,0.542,7.05,6.02,25987,1313917,4.13,0.264
Saint-Louis,9,CA,France,45744,1739884,995,58644,0.557,0.493,5.47,6.71,18179,943094,3.18,0.387
Admiral Schröder,9,CA,Germany,8572,155145,1106,54808,0.63,0.545,6.94,6.4,23404,1240769,6.96,0.24
Ägir,9,CA,Germany,27102,1013963,1014,56068,0.562,0.509,4.73,4.9,19963,1185104,4.88,0.3229999999999999
AL Ägir,9,CA,Germany,3680,88235,977,49938,0.482,0.494,4.25,4.8,19732,1151827,4.91,0.272
Blücher,9,CA,Germany,7018,102032,1180,77473,0.752,0.5429999999999999,6.95,9.56,24379,1203692,2.6,0.4529999999999999
Manteuffel,9,CA,Germany,8526,92956,1151,65710,0.694,0.536,6.88,8.27,23611,1262314,5.34,0.228
Roon,9,CA,Germany,72384,3496581,982,52543,0.475,0.484,4.34,7.24,18962,959853,2.42,0.437
Roon CLR,9,CA,Germany,1186,18648,1028,61319,0.512,0.506,4.64,8.84,19556,1097740,3.62,0.416
Siegfried,9,CA,Germany,8340,484078,1140,70946,0.763,0.55,5.29,4.88,23432,1214582,4.74,0.4039999999999999
Brindisi,9,CA,Italy,59153,2372400,1023,59063,0.573,0.491,6.95,6.64,18606,874852,2.87,0.415
Ferrante Gonzaga,9,CA,Italy,2983,35283,1322,77387,0.897,0.576,20.79,11.48,29346,845428,3.82,0.4629999999999999
Messina,9,CA,Italy,676,3533,1260,77779,0.773,0.551,10.71,11.18,25001,1133749,4.94,0.462
Michelangelo,9,CA,Italy,7058,156991,1201,65700,0.809,0.5579999999999999,10.87,6.75,23545,1271445,4.82,0.281
AL Azuma,9,CA,Japan,11194,747517,1041,68481,0.551,0.499,3.0,5.74,16581,1038411,4.1,0.4539999999999999
Azuma,9,CA,Japan,57873,4918281,1053,70863,0.586,0.504,3.27,5.83,17046,1029712,3.75,0.462
Azuma B,9,CA,Japan,2345,43066,1075,73740,0.584,0.508,3.53,6.19,17674,1062771,3.96,0.441
BA Takahashi,9,CA,Japan,1913,21721,1035,43455,0.538,0.511,8.99,7.36,26732,934294,7.4,0.381
Chikuma II,9,CA,Japan,9970,210676,1145,53105,0.697,0.544,12.71,6.63,44539,596185,2.42,0.536
Chikuma II Golden,9,CA,Japan,1570,23824,1178,56393,0.745,0.561,12.36,6.22,46290,591301,2.37,0.556
Ibuki,9,CA,Japan,58586,3642664,946,45585,0.48,0.481,6.24,5.7,20218,760691,2.31,0.407
Suzuya,9,CA,Japan,3015,32342,1170,75548,0.821,0.546,8.06,9.17,23716,999530,1.63,0.43
Suzuya Golden,9,CA,Japan,1132,17529,1143,71474,0.782,0.546,7.63,8.5,22627,995833,1.7,0.406
Suzuya VL,9,CA,Japan,8,25,1403,82300,1.08,0.72,7.76,11.24,34809,1076658,1.28,0.56
Takahashi,9,CA,Japan,16004,346005,1017,42063,0.508,0.505,8.63,7.31,23916,882721,7.48,0.372
Johan de Witt,9,CA,Netherlands,34369,932309,1115,57560,0.571,0.518,9.65,7.79,20901,1047203,8.45,0.36
Menno van Coehoorn,9,CA,Netherlands,14706,240763,1112,60588,0.584,0.503,10.47,10.85,19494,801213,7.94,0.369
Van Speijk,9,CA,Netherlands,1259,42869,1296,75443,0.752,0.577,10.54,9.96,25525,1210376,9.46,0.475
Santander,9,CA,Pan-Am.,14739,210221,1059,45312,0.526,0.511,9.31,9.01,19737,985209,6.34,0.298
Dalian,9,CA,Pan-Asia,7994,116346,1069,49173,0.546,0.506,15.78,10.19,19623,682224,5.97,0.355
Mengchong,9,CA,Pan-Asia,903,12474,1008,51543,0.504,0.506,4.01,4.52,19649,1178569,4.93,0.27
Sejong,9,CA,Pan-Asia,32739,693601,999,41960,0.53,0.489,14.84,7.67,19624,630078,7.2,0.311
Tianjin,9,CA,Pan-Asia,6821,97166,1107,65426,0.616,0.522,4.99,6.72,21616,1216705,4.69,0.368
Almirante Oquendo,9,CA,Spain,10092,107337,1036,63094,0.565,0.505,5.21,7.5,19910,1073338,2.87,0.3929999999999999
Andalucía,9,CA,Spain,17754,304262,1055,59938,0.606,0.505,5.31,6.07,19954,986646,3.7,0.345
Cursed Fang,9,CA,U.K.,212,749,1096,59944,0.593,0.501,12.56,8.33,18134,807699,5.46,0.314
Drake,9,CA,U.K.,27199,895433,1047,62602,0.591,0.512,7.21,6.38,21958,1072172,3.62,0.424
Neptune,9,CA,U.K.,49070,2391820,1000,47575,0.588,0.495,11.3,7.14,14847,743282,5.09,0.3379999999999999
Alaska,9,CA,U.S.A.,33946,3222579,1106,65133,0.714,0.542,6.38,5.88,22778,1211113,4.59,0.386
Alaska B,9,CA,U.S.A.,22263,1197985,1088,61399,0.648,0.531,5.73,5.69,22034,1208941,5.0,0.35
Baltimore  (< 31.05.2018),9,CA,U.S.A.,9491,652166,965,38462,0.514,0.498,7.0,6.59,19230,725210,2.21,0.4029999999999999
Buffalo,9,CA,U.S.A.,64503,2662486,908,42070,0.454,0.476,5.95,6.48,16860,826394,3.84,0.289
Cambridge,9,CA,U.S.A.,3743,44758,1215,74650,0.815,0.546,8.58,6.99,22746,1075552,5.18,0.385
Seattle,9,CA,U.S.A.,51553,2152444,930,40187,0.447,0.484,8.24,7.82,17419,822972,5.01,0.336
Tulsa,9,CA,U.S.A.,9343,142730,1037,44824,0.537,0.511,9.14,8.2,20249,874318,6.07,0.308
Vallejo,9,CA,U.S.A.,1324,34513,1166,67176,0.653,0.541,6.97,10.63,19267,913433,7.98,0.444
Dmitri Donskoi,9,CA,U.S.S.R.,57378,3237161,967,52044,0.514,0.497,4.76,8.77,18357,920825,2.65,0.389
Kozma Minin,9,CA,U.S.S.R.,2998,24461,1209,66769,0.623,0.5429999999999999,5.5,11.11,23602,1108636,4.55,0.409
Kronshtadt,9,CA,U.S.S.R.,14025,636260,1199,68890,0.75,0.568,5.51,7.24,25031,1374804,2.13,0.4479999999999999
Riga,9,CA,U.S.S.R.,60932,1861407,968,45826,0.483,0.494,5.82,7.34,20851,1084394,3.86,0.319
Vyazma,9,CA,U.S.S.R.,15371,242450,1068,65900,0.731,0.521,4.33,3.01,15101,1176892,5.17,0.216
Auckland,8,CA,Commonw.,12623,166258,1056,49737,0.676,0.518,10.61,7.97,12755,632579,3.42,0.313
Bayard,8,CA,France,25120,462263,1096,53600,0.748,0.532,7.46,7.95,14424,723124,5.18,0.336
Charles Martel,8,CA,France,60872,2396320,988,48847,0.596,0.506,5.66,6.32,15480,770371,3.24,0.332
Cherbourg,8,CA,France,40641,640753,1046,45233,0.599,0.518,6.12,5.01,16849,1067552,6.06,0.272
Metz,8,CA,France,24961,273675,965,42321,0.601,0.506,5.54,4.24,14207,831817,3.37,0.2
Admiral Hipper,8,CA,Germany,92511,4282322,953,36057,0.447,0.481,4.48,5.82,14928,723332,3.38,0.312
Cross of Dorn,8,CA,Germany,1928,38969,999,47204,0.581,0.502,4.63,8.3,11939,750298,5.67,0.288
Knesebeck,8,CA,Germany,6513,51605,1101,47851,0.674,0.534,7.62,8.57,19137,976194,6.01,0.236
Mainz,8,CA,Germany,36845,1487334,994,48393,0.578,0.506,4.48,7.47,12620,752566,5.37,0.319
Mainz B,8,CA,Germany,6568,96803,987,45822,0.562,0.499,4.5,8.08,11654,742336,5.74,0.287
Prinz Eugen,8,CA,Germany,60908,1266706,930,36358,0.466,0.493,4.78,5.68,16745,905253,3.85,0.3429999999999999
Schill,8,CA,Germany,6218,46101,1012,44919,0.622,0.52,5.13,6.0,16500,891223,3.75,0.298
Schill B,8,CA,Germany,65,285,1108,50181,0.744,0.561,6.92,6.0,18487,950659,4.56,0.326
Wiesbaden,8,CA,Germany,5422,48793,1068,42180,0.608,0.52,13.8,9.03,15374,606265,8.06,0.313
Amalfi,8,CA,Italy,72201,2298465,1002,44314,0.57,0.502,7.96,6.56,15547,769169,3.97,0.341
ARP Maya,8,CA,Japan,5110,141618,1097,44627,0.633,0.535,8.99,6.52,21349,854222,4.18,0.3979999999999999
ARP Takao,8,CA,Japan,39207,2250562,976,40259,0.569,0.514,7.18,5.69,20370,845706,1.94,0.3829999999999999
Atago,8,CA,Japan,79122,6637981,961,39206,0.578,0.51,7.23,5.54,20580,605823,2.08,0.3879999999999999
Atago B,8,CA,Japan,13387,432834,1079,45590,0.632,0.529,8.27,6.39,20236,864631,3.81,0.3939999999999999
Mogami,8,CA,Japan,87077,6705824,908,36120,0.532,0.488,5.69,5.55,16287,557510,1.88,0.3289999999999999
Shimanto,8,CA,Japan,18804,389286,998,36949,0.542,0.501,7.29,7.32,15694,693979,8.31,0.307
Tone,8,CA,Japan,13069,258899,1000,37560,0.599,0.525,8.41,7.17,27854,685235,3.88,0.49
De Zeven Provinciën,8,CA,Netherlands,11385,307055,1192,50116,0.695,0.5479999999999999,11.86,11.33,17300,800239,12.86,0.457
Haarlem,8,CA,Netherlands,40306,854914,1058,43300,0.536,0.514,8.95,7.99,15751,902863,8.53,0.326
Jaarsveld,8,CA,Netherlands,25340,277236,1060,43162,0.546,0.504,10.16,10.42,14095,721149,8.83,0.319
Vrijheid,8,CA,Netherlands,783,12313,1343,61966,0.905,0.585,21.94,13.84,17496,701042,11.94,0.455
Almirante Grau,8,CA,Pan-Am.,8054,135208,1172,49668,0.755,0.539,9.6,8.89,15931,668195,11.92,0.384
Comandante Aguirre,8,CA,Pan-Am.,950,6616,1270,61822,0.868,0.575,8.52,8.64,22149,1224090,7.91,0.336
Ignacio Allende,8,CA,Pan-Am.,20299,243774,1053,37114,0.578,0.513,8.96,9.41,15093,824335,8.13,0.288
Harbin,8,CA,Pan-Asia,32357,541832,967,32993,0.525,0.491,14.45,7.93,14379,578367,6.52,0.27
Irian,8,CA,Pan-Asia,14315,389667,981,46568,0.616,0.502,4.98,6.58,13291,702355,4.79,0.305
Narai,8,CA,Pan-Asia,1638,5235,1218,57334,0.76,0.563,17.12,13.81,18426,806637,4.55,0.445
Piñatian,8,CA,Pan-Asia,816,3584,919,41086,0.491,0.489,5.28,6.46,13033,663608,3.41,0.254
Wukong,8,CA,Pan-Asia,9656,111298,890,39588,0.463,0.474,4.54,5.56,12732,708735,3.7,0.257
Cataluña,8,CA,Spain,22069,291412,1041,47794,0.666,0.513,5.8,6.69,15444,824299,4.19,0.313
Numancia,8,CA,Spain,4208,43964,1092,42931,0.746,0.5329999999999999,11.53,6.36,22225,670766,3.56,0.345
AL Cheshire,8,CA,U.K.,6596,147368,1022,40313,0.593,0.504,7.51,6.36,15264,812000,8.43,0.3389999999999999
Albemarle,8,CA,U.K.,30807,841591,993,43615,0.559,0.505,7.19,6.23,16244,804353,6.22,0.324
Belfast '43,8,CA,U.K.,12917,141959,975,35543,0.509,0.502,12.68,8.52,16231,614594,3.75,0.299
Cheshire,8,CA,U.K.,11116,194533,1080,45783,0.629,0.529,8.43,6.72,16857,864951,9.78,0.3829999999999999
Edinburgh,8,CA,U.K.,63797,2621039,977,36580,0.567,0.506,12.73,7.6,15250,754970,3.98,0.346
Érne,8,CA,U.K.,223,803,1116,40125,0.599,0.539,15.16,13.02,19066,760110,5.4,0.36
Hampshire,8,CA,U.K.,6159,55737,977,39547,0.548,0.489,6.13,7.16,13429,698252,5.5,0.284
Nottingham,8,CA,U.K.,4087,21982,970,43461,0.58,0.504,10.99,7.0,13482,630941,1.24,0.2739999999999999
STAR Edinburgh,8,CA,U.K.,1546,16532,1086,37944,0.629,0.531,13.36,9.52,17902,788707,6.62,0.362
Tiger '59,8,CA,U.K.,7469,80921,1181,41343,0.669,0.563,18.39,12.77,18532,779392,8.53,0.412
AL Montpelier,8,CA,U.S.A.,17356,484573,1013,36766,0.552,0.511,8.76,8.22,14652,669633,8.21,0.303
Anchorage,8,CA,U.S.A.,14911,218009,1003,46958,0.563,0.512,8.64,5.83,13302,636019,3.81,0.305
Baltimore,8,CA,U.S.A.,94450,3750488,932,34438,0.482,0.494,6.5,6.27,13858,695408,6.17,0.255
Bridgeport,8,CA,U.S.A.,5790,24138,1147,51439,0.742,0.54,9.33,8.32,15853,823909,8.19,0.327
Cleveland,8,CA,U.S.A.,106146,4448807,939,36315,0.511,0.497,7.16,7.28,13193,655706,5.39,0.288
Congress,8,CA,U.S.A.,9375,135731,1034,41783,0.564,0.53,5.26,5.4,17705,1029404,7.17,0.297
New Orleans  (< 31.05.2018),8,CA,U.S.A.,17765,1237840,891,30405,0.457,0.476,5.92,5.75,15860,487912,1.62,0.3429999999999999
Protector,8,CA,U.S.A.,5557,30676,1098,48167,0.643,0.536,5.94,8.31,17760,1186015,6.82,0.248
Rochester,8,CA,U.S.A.,13734,187785,1129,48359,0.665,0.532,12.46,7.77,13866,668444,9.19,0.356
San Diego,8,CA,U.S.A.,18909,276235,1136,44492,0.696,0.534,11.54,10.01,14952,683384,9.32,0.35
Wichita,8,CA,U.S.A.,13776,329215,1042,42164,0.618,0.525,8.56,7.57,16452,778154,6.29,0.315
Chapayev,8,CA,U.S.S.R.,68616,3148023,973,40239,0.53,0.495,4.82,8.44,13449,640894,2.96,0.304
Dmitry Pozharsky,8,CA,U.S.S.R.,12690,135561,1001,46611,0.581,0.498,6.49,9.27,10580,677759,5.09,0.313
Kiberpankov,8,CA,U.S.S.R.,1438,5070,999,49632,0.596,0.491,6.43,8.76,11082,689597,3.86,0.283
Mikhail Kutuzov,8,CA,U.S.S.R.,18206,1753238,1013,52165,0.674,0.524,6.12,7.67,10739,558750,3.02,0.434
Ochakov,8,CA,U.S.S.R.,8912,107433,982,34418,0.521,0.504,8.91,9.17,15834,646666,5.91,0.273
Pyotr Bagration,8,CA,U.S.S.R.,9538,172813,969,40129,0.525,0.502,5.32,6.3,13977,833845,6.52,0.314
Tallinn,8,CA,U.S.S.R.,65438,1623383,925,34264,0.469,0.487,4.63,7.62,13490,733884,5.64,0.255
Gambia,7,CA,Commonw.,7889,56727,1034,47646,0.826,0.547,10.76,10.94,11172,609428,2.65,0.377
Uganda,7,CA,Commonw.,12823,121197,939,37482,0.671,0.512,11.09,10.19,10372,483195,3.19,0.304
Algérie,7,CA,France,77664,2112465,861,38570,0.567,0.497,4.33,6.26,11549,669039,2.33,0.312
Toulon,7,CA,France,9456,67880,1010,41401,0.742,0.5489999999999999,7.35,5.14,15292,844876,4.5,0.3
Admiral Scheer,7,CA,Germany,6860,48764,909,35569,0.627,0.511,6.34,8.32,12889,658825,2.84,0.209
München,7,CA,Germany,11027,104674,894,36736,0.582,0.511,6.72,8.32,11948,582239,3.18,0.302
München B,7,CA,Germany,1067,5010,950,41260,0.661,0.518,7.38,9.72,11941,587773,3.28,0.285
Nürnberg '44,7,CA,Germany,5841,26238,1003,45300,0.769,0.5329999999999999,11.15,10.16,13792,471983,1.65,0.316
Weimar,7,CA,Germany,15363,130602,962,40280,0.704,0.532,6.49,8.14,12736,651328,3.92,0.281
Yorck,7,CA,Germany,116038,4383414,888,32636,0.52,0.49,4.12,5.63,12023,578023,2.14,0.309
AL Gorizia,7,CA,Italy,793,7951,1058,46691,0.828,0.541,9.79,10.23,14082,699911,1.91,0.4039999999999999
Duca degli Abruzzi,7,CA,Italy,16315,181809,887,34523,0.621,0.516,7.07,8.5,14353,730771,1.77,0.364
Francesco Ferruccio,7,CA,Italy,5811,42689,1129,51929,0.897,0.567,11.95,12.51,14949,596778,2.95,0.456
Gorizia,7,CA,Italy,25741,465808,939,39904,0.64,0.522,7.86,7.45,14011,687047,1.65,0.35
Optio,7,CA,Italy,5992,27619,956,40576,0.638,0.516,9.41,9.7,13168,569560,2.5,0.316
Zara,7,CA,Italy,79531,1797805,922,39340,0.608,0.507,6.68,6.93,12682,653346,2.38,0.349
ARP Ashigara,7,CA,Japan,30174,784840,799,30500,0.547,0.493,4.32,4.75,14025,475752,1.32,0.308
ARP Haguro,7,CA,Japan,22036,563756,839,32537,0.607,0.504,4.64,4.96,14037,388120,1.46,0.3279999999999999
ARP Myoko,7,CA,Japan,35484,1052889,879,35645,0.652,0.514,5.01,5.38,14194,413214,1.83,0.335
ARP Nachi,7,CA,Japan,27730,695774,825,32769,0.573,0.501,4.47,4.85,14357,617225,1.42,0.311
Eastern Dragon,7,CA,Japan,1940,16774,832,33024,0.541,0.495,5.02,4.98,12579,658104,2.12,0.293
Maya,7,CA,Japan,14055,124229,971,39346,0.716,0.542,6.77,7.05,14482,747442,4.75,0.331
Myoko,7,CA,Japan,114826,6886973,826,31385,0.551,0.492,4.28,4.78,13062,456099,1.89,0.3279999999999999
Omono,7,CA,Japan,24264,327381,869,32285,0.566,0.497,5.77,7.22,11055,547765,4.55,0.263
Southern Dragon,7,CA,Japan,5531,66205,845,34164,0.57,0.501,4.68,4.92,13367,683160,1.79,0.304
Tokachi,7,CA,Japan,10492,63921,904,31164,0.657,0.517,8.31,8.01,13751,598743,3.66,0.262
Eendracht,7,CA,Netherlands,45820,676622,925,35300,0.566,0.505,7.13,9.06,12173,599260,5.37,0.281
Coronel Bolognesi,7,CA,Pan-Am.,23379,226042,897,32677,0.616,0.504,7.47,8.23,10636,616253,4.05,0.25
Nueve de Julio,7,CA,Pan-Am.,11371,102465,919,35634,0.642,0.517,7.37,7.68,12142,701673,4.26,0.3279999999999999
Chumphon,7,CA,Pan-Asia,43053,553820,875,27753,0.522,0.494,12.46,7.88,11113,482466,6.16,0.254
Lanzhou,7,CA,Pan-Asia,4885,20234,1001,50852,0.767,0.531,5.16,9.6,11360,603794,1.81,0.326
Asturias,7,CA,Spain,26374,268780,894,37141,0.624,0.509,4.65,6.63,11131,690219,2.54,0.266
Belfast,7,CA,U.K.,16861,1482476,1100,49667,0.988,0.586,13.42,11.0,12481,589214,2.79,0.4529999999999999
Fiji,7,CA,U.K.,74703,2864488,941,38132,0.737,0.514,11.23,7.43,10806,631950,2.55,0.35
Surrey,7,CA,U.K.,35181,720557,935,39876,0.616,0.514,6.85,7.01,14700,675552,4.08,0.3389999999999999
Atlanta,7,CA,U.S.A.,48773,3537903,942,29152,0.655,0.512,8.34,7.18,11270,421640,4.45,0.289
Atlanta B,7,CA,U.S.A.,9328,136763,1021,31236,0.639,0.525,9.48,8.58,11979,512832,6.79,0.272
Boise,7,CA,U.S.A.,14045,154231,933,36816,0.667,0.525,7.41,7.63,12369,701768,4.31,0.344
Flint,7,CA,U.S.A.,13166,408650,1074,37547,0.732,0.5479999999999999,15.52,8.59,11462,482970,7.04,0.327
Helena,7,CA,U.S.A.,72225,2371351,861,32563,0.565,0.496,5.81,6.32,11143,570546,4.34,0.278
Indianapolis,7,CA,U.S.A.,29555,601720,873,32146,0.56,0.504,4.97,6.29,11660,573799,1.97,0.291
New Orleans,7,CA,U.S.A.,106198,2910119,822,30984,0.484,0.486,5.06,5.41,11359,615705,3.67,0.2769999999999999
Pensacola  (< 31.05.2018),7,CA,U.S.A.,34329,2083177,821,27781,0.522,0.475,3.93,4.67,13882,325115,1.48,0.319
Lazo,7,CA,U.S.S.R.,35923,649640,860,38033,0.55,0.495,3.52,7.82,9569,593166,2.6,0.318
Lazo B,7,CA,U.S.S.R.,1140,6064,945,44689,0.678,0.529,4.25,9.48,9670,599188,2.62,0.326
Shchors,7,CA,U.S.S.R.,104621,4099971,912,37287,0.583,0.492,3.68,6.85,10032,540813,1.64,0.286
Hobart,6,CA,Commonw.,14253,115201,881,33559,0.762,0.5329999999999999,11.84,11.15,9096,468460,3.62,0.321
Mysore,6,CA,Commonw.,9246,58808,830,27212,0.61,0.526,11.54,8.22,9734,538103,4.72,0.298
Perth,6,CA,Commonw.,27790,573890,842,31375,0.694,0.537,13.28,7.77,13221,542150,2.12,0.335
Elli,6,CA,Europe,3714,15630,847,31568,0.683,0.542,7.59,10.96,9920,614235,3.32,0.332
De Grasse,6,CA,France,26248,329036,798,32086,0.624,0.52,5.03,6.95,10732,630446,2.57,0.284
Dupleix,6,CA,France,8771,38705,820,34307,0.719,0.529,5.09,7.37,9244,570067,1.45,0.2319999999999999
La Galissonnière,6,CA,France,92522,2001965,745,27836,0.528,0.497,4.5,6.11,9335,594831,2.58,0.244
Montcalm,6,CA,France,5172,19073,889,40585,0.782,0.547,5.56,11.11,8056,541317,3.19,0.31
Admiral Graf Spee,6,CA,Germany,82274,1509578,803,32557,0.632,0.535,5.15,4.68,13931,790505,2.47,0.344
Deutschland,6,CA,Germany,16708,96104,835,32255,0.683,0.524,5.94,7.76,9822,554377,3.15,0.201
HSF Admiral Graf Spee,6,CA,Germany,8857,295246,802,32361,0.644,0.537,5.36,4.72,14316,806475,2.22,0.379
Leipzig,6,CA,Germany,11444,77482,840,31501,0.75,0.5329999999999999,8.59,9.54,11930,457930,1.98,0.267
Nürnberg,6,CA,Germany,152101,5353897,760,26109,0.496,0.487,3.61,6.11,9076,409245,1.52,0.253
Duca d'Aosta,6,CA,Italy,19690,237334,793,26424,0.56,0.512,6.04,6.93,12330,660263,2.02,0.285
Trento,6,CA,Italy,93376,1573395,775,30019,0.531,0.498,5.01,5.42,9563,576504,3.08,0.257
Aoba,6,CA,Japan,163330,7292632,759,23976,0.498,0.494,4.75,4.52,12414,391487,1.68,0.286
Gokase,6,CA,Japan,31449,380984,744,24144,0.582,0.503,6.85,6.74,10093,485007,3.01,0.23
Kijkduin,6,CA,Netherlands,50995,526639,806,27675,0.544,0.51,6.24,8.67,10277,569560,5.6,0.262
Almirante Cochrane,6,CA,Pan-Am.,29288,230562,830,29002,0.702,0.526,8.02,9.17,10726,627957,3.17,0.283
Huanghe,6,CA,Pan-Asia,56185,512733,876,29153,0.662,0.539,14.29,7.76,11845,496394,6.45,0.316
Rahmat,6,CA,Pan-Asia,49618,492936,769,24073,0.531,0.497,10.68,7.81,8952,434511,5.01,0.231
Baleares,6,CA,Spain,20802,159046,784,29896,0.611,0.51,5.23,7.4,8315,546063,2.68,0.233
Canarias,6,CA,Spain,12701,68816,850,31047,0.668,0.5329999999999999,6.54,8.38,10194,638374,3.46,0.294
Devonshire,6,CA,U.K.,49018,774706,812,30570,0.593,0.511,5.87,6.0,10816,585524,4.86,0.256
Dido,6,CA,U.K.,17155,113653,876,31496,0.69,0.531,12.21,9.73,9724,501737,4.87,0.31
Leander,6,CA,U.K.,89308,2401914,821,28662,0.677,0.519,11.88,6.94,11063,605464,2.59,0.318
London,6,CA,U.K.,29118,261940,827,32086,0.615,0.523,9.44,6.3,10071,544090,3.73,0.268
Orion '44,6,CA,U.K.,2131,8189,960,35799,0.911,0.58,10.91,10.81,13543,726812,3.92,0.397
Cleveland  (< 31.05.2018),6,CA,U.S.A.,65689,5539729,751,27724,0.657,0.505,4.38,5.39,13128,259659,2.86,0.33
Dallas,6,CA,U.S.A.,99195,2246848,747,24021,0.481,0.5,5.56,6.18,10516,552182,4.92,0.265
Pensacola,6,CA,U.S.A.,148114,3040389,717,24766,0.462,0.493,3.89,4.64,9683,570160,4.03,0.239
Admiral Makarov,6,CA,U.S.S.R.,15947,139987,830,36052,0.619,0.52,4.86,8.3,8748,513997,3.66,0.298
Budyonny,6,CA,U.S.S.R.,122160,3592999,804,31453,0.596,0.506,4.05,6.63,9582,509832,2.02,0.283
Molotov,6,CA,U.S.S.R.,59374,873649,853,34851,0.661,0.52,4.21,6.24,9985,469497,1.62,0.284
Delhi,5,CA,Commonw.,22440,152184,766,31276,0.896,0.528,8.88,12.95,6873,372343,3.19,0.275
Émile Bertin,5,CA,France,103530,2039182,693,26227,0.614,0.518,5.45,6.52,10595,552711,1.97,0.246
Königsberg,5,CA,Germany,180615,5348648,704,25906,0.628,0.506,3.97,6.76,8423,348036,0.8,0.247
Genova,5,CA,Italy,23094,184958,765,27983,0.674,0.521,5.64,6.42,9487,502421,1.66,0.235
Raimondo Montecuccoli,5,CA,Italy,101844,1240037,707,24715,0.566,0.513,6.71,6.48,10744,518278,3.16,0.268
Agano,5,CA,Japan,45493,453253,635,22781,0.651,0.495,5.67,8.24,7871,387744,1.53,0.204
Desert Falcon,5,CA,Japan,268,1522,895,45333,1.304,0.583,8.81,17.06,7792,477771,1.06,0.374
Furutaka,5,CA,Japan,216490,7551094,627,19076,0.468,0.489,4.6,4.42,11032,337614,0.75,0.235
Yahagi,5,CA,Japan,26105,230759,716,27128,0.7,0.537,6.88,7.67,11335,460212,2.22,0.2769999999999999
Celebes,5,CA,Netherlands,39923,315265,723,28041,0.667,0.518,5.58,10.92,9618,472217,1.95,0.267
La Argentina,5,CA,Pan-Am.,35391,215995,739,29010,0.86,0.518,6.7,10.98,7388,390030,2.07,0.231
Chungking,5,CA,Pan-Asia,44009,324022,652,21012,0.561,0.495,9.02,8.14,8577,392671,2.82,0.208
Galicia,5,CA,Spain,23449,155171,665,25852,0.702,0.494,5.32,11.03,6377,365713,0.64,0.198
Emerald,5,CA,U.K.,99148,1807567,639,18486,0.522,0.486,7.99,5.77,8624,474135,1.06,0.213
Exeter,5,CA,U.K.,24325,241868,776,29874,0.749,0.551,7.71,7.37,11925,588967,3.96,0.31
Hawkins,5,CA,U.K.,61349,614037,631,20965,0.481,0.494,4.96,6.26,9585,502827,2.8,0.221
Marblehead,5,CA,U.S.A.,20186,378297,796,32626,0.815,0.5429999999999999,5.73,10.98,9270,476552,0.44,0.282
Marblehead Lima,5,CA,U.S.A.,17790,168832,797,33233,0.846,0.54,5.61,11.5,8387,462248,0.45,0.261
Omaha,5,CA,U.S.A.,237666,7878835,695,24233,0.595,0.501,4.04,6.71,8809,344181,1.2,0.2269999999999999
Rattlehead,5,CA,U.S.A.,129,3257,958,45651,1.241,0.579,7.83,19.86,7338,465547,0.42,0.349
Kirov,5,CA,U.S.S.R.,52981,636545,729,32439,0.697,0.527,3.94,7.53,8067,476972,1.02,0.248
Kirov  (< 10.06.2020),5,CA,U.S.S.R.,83686,2065130,692,25566,0.543,0.498,3.51,4.8,7915,385429,1.45,0.2319999999999999
Kotovsky,5,CA,U.S.S.R.,62566,838250,628,22241,0.498,0.492,3.63,7.23,8140,431786,1.14,0.196
Krasny Krym,5,CA,U.S.S.R.,13301,110374,741,27712,0.638,0.525,5.33,9.26,8844,513728,1.72,0.273
Mikoyan,5,CA,U.S.S.R.,31266,262645,666,24254,0.532,0.506,4.15,6.36,8311,432440,1.38,0.206
Murmansk,5,CA,U.S.S.R.,28578,1467818,796,33381,0.869,0.541,5.33,8.48,9764,214447,1.42,0.312
Dunedin,4,CA,Commonw.,7527,36017,674,37604,1.471,0.493,7.14,20.29,3443,317105,1.41,0.273
Duguay-Trouin,4,CA,France,92764,1054193,581,29591,0.927,0.524,5.26,9.07,6205,424723,0.75,0.255
Karlsruhe,4,CA,Germany,169327,2421805,536,20223,0.693,0.489,6.05,9.79,5322,241503,0.13,0.2189999999999999
Alberto di Giussano,4,CA,Italy,74261,519790,609,27734,0.969,0.511,6.59,10.42,5268,377571,3.97,0.238
Iwaki Alpha,4,CA,Japan,1629,63700,739,35726,1.256,0.586,14.15,11.18,7248,190851,0.94,0.3229999999999999
Kuma,4,CA,Japan,231354,6876727,568,24107,0.785,0.506,5.95,9.12,6059,206925,0.51,0.236
Yubari,4,CA,Japan,61692,1078892,666,29096,1.011,0.536,8.58,11.97,6404,295802,3.45,0.303
De Ruyter,4,CA,Netherlands,35946,174630,663,33681,1.117,0.525,6.09,17.14,5581,392734,2.83,0.294
Córdoba,4,CA,Pan-Am.,14064,64398,685,37504,1.53,0.515,8.41,18.41,4127,329160,1.18,0.294
Almirante Cervera,4,CA,Spain,16333,100274,681,39209,1.505,0.508,6.58,18.9,3189,342169,1.04,0.28
Danae,4,CA,U.K.,108927,1440794,555,22347,0.848,0.506,7.03,7.77,5856,376265,1.09,0.22
Phoenix,4,CA,U.S.A.,233549,3926236,583,23154,0.718,0.494,5.25,9.69,5121,247215,0.48,0.2319999999999999
Svietlana,4,CA,U.S.S.R.,116518,1616512,581,24212,0.796,0.509,6.47,9.98,5891,296368,0.24,0.239
Caradoc,3,CA,Commonw.,6521,25000,698,44799,2.096,0.488,6.87,26.33,1586,318177,0.16,0.347
Friant,3,CA,France,109529,778886,537,25594,1.059,0.519,5.92,9.76,4142,333414,0.23,0.264
Kolberg,3,CA,Germany,225033,1978830,496,18993,0.789,0.492,6.4,13.13,3823,211837,0.0,0.246
Taranto,3,CA,Italy,63689,268119,549,25190,1.076,0.494,7.11,11.47,3544,307789,0.08,0.255
Katori,3,CA,Japan,4321,33144,665,34303,1.351,0.562,5.66,16.86,4617,311093,0.94,0.3939999999999999
Tenryu,3,CA,Japan,302858,3545426,512,19674,0.795,0.492,6.83,9.92,3641,143796,0.03,0.237
Java,3,CA,Netherlands,15071,65098,698,38452,1.638,0.536,6.88,30.22,2834,369528,1.26,0.4029999999999999
Vicente Guerrero,3,CA,Pan-Am.,9195,27733,646,34596,1.599,0.472,7.16,32.69,1929,379011,0.73,0.367
Ning Hai,3,CA,Pan-Asia,11725,42431,692,42975,1.946,0.491,6.12,24.81,1506,266499,0.12,0.326
Navarra,3,CA,Spain,5644,20612,663,37737,1.715,0.469,6.63,37.4,1488,364200,0.3,0.3879999999999999
Caledon,3,CA,U.K.,144463,1025176,525,22616,0.979,0.513,7.01,8.75,4572,334324,0.23,0.256
Charleston,3,CA,U.S.A.,82070,924237,581,30217,1.234,0.53,5.67,18.55,3276,348397,0.04,0.356
St. Louis,3,CA,U.S.A.,293320,3546058,525,24551,0.968,0.524,6.07,16.79,3729,209776,0.01,0.3329999999999999
AL Avrora,3,CA,U.S.S.R.,11582,47406,738,42867,1.938,0.503,5.64,30.7,1766,315925,0.05,0.375
Aurora,3,CA,U.S.S.R.,18471,121407,595,29696,1.241,0.503,5.45,21.53,2322,207477,0.05,0.3389999999999999
Bogatyr,3,CA,U.S.S.R.,136479,1010762,551,26598,1.039,0.526,6.28,14.2,3945,246376,0.0,0.311
Oleg,3,CA,U.S.S.R.,11813,67609,558,26577,0.975,0.539,7.01,11.87,5775,395552,0.0,0.324
Varyag,3,CA,U.S.S.R.,8341,46677,572,28086,1.066,0.527,6.72,14.5,4716,370490,0.0,0.313
Port Jackson,2,CA,Commonw.,5052,11548,646,37123,2.137,0.505,5.22,48.48,1105,403244,0.0,0.4679999999999999
Jurien de la Gravière,2,CA,France,95177,281084,496,20086,1.025,0.53,5.11,12.65,3113,263124,0.0,0.3429999999999999
Dresden,2,CA,Germany,222029,1051728,511,19700,1.096,0.5329999999999999,5.05,16.78,2312,167698,0.0,0.35
Emden,2,CA,Germany,41304,296834,497,20332,1.036,0.54,5.7,21.05,3086,140400,0.0,0.349
Nino Bixio,2,CA,Italy,53315,129252,512,22161,1.204,0.498,4.5,16.13,2094,215328,0.0,0.31
Chikuma,2,CA,Japan,301266,1511001,476,16400,0.827,0.509,4.97,13.82,2018,122187,0.0,0.286
Gelderland,2,CA,Netherlands,12230,26526,544,25671,1.457,0.484,4.6,27.28,1993,320128,0.01,0.395
Almirante Abreu,2,CA,Pan-Am.,3145,7944,684,35805,2.104,0.545,5.28,36.55,1396,356616,0.0,0.4529999999999999
Almirante Barroso,2,CA,Pan-Am.,5191,10734,683,39727,2.384,0.54,6.27,43.61,1167,361946,0.0,0.488
Méndez Núñez,2,CA,Spain,9172,26768,616,34106,1.939,0.502,5.0,44.31,1041,361720,0.01,0.44
Weymouth,2,CA,U.K.,140499,456820,493,19332,1.019,0.529,5.41,12.65,3055,286866,0.0,0.3429999999999999
Albany,2,CA,U.S.A.,22545,109534,480,15850,0.843,0.523,5.44,15.31,3333,79006,0.0,0.266
Chester,2,CA,U.S.A.,275472,1129252,468,14892,0.788,0.489,4.72,13.94,1909,135124,0.0,0.2689999999999999
Diana,2,CA,U.S.S.R.,9377,44067,490,19460,0.984,0.513,4.02,14.85,2484,202832,0.0,0.3329999999999999
Diana Lima,2,CA,U.S.S.R.,20776,75260,557,25474,1.466,0.532,3.74,17.87,1949,230570,0.0,0.4039999999999999
Novik,2,CA,U.S.S.R.,126924,392718,505,18311,0.99,0.514,5.62,13.96,2510,173121,0.0,0.3229999999999999
Sutlej,1,CA,Commonw.,3674,11884,809,29843,4.906,0.475,1.82,102.37,143,241799,0.0,0.5479999999999999
Gryf,1,CA,Europe,21049,102363,648,18514,3.132,0.476,1.74,40.62,531,106855,0.0,0.437
Bougainville,1,CA,France,60029,139574,534,10950,1.824,0.52,1.83,13.85,684,80421,0.0,0.375
Hermelin,1,CA,Germany,139816,698055,610,14920,2.335,0.561,2.21,31.47,433,70779,0.0,0.447
Eritrea,1,CA,Italy,29046,67647,672,18331,3.242,0.5589999999999999,2.67,28.09,541,106709,0.0,0.505
Hashidate,1,CA,Japan,146160,646258,512,12567,1.631,0.52,2.33,24.05,463,56048,0.0,0.4
Van Kinsbergen,1,CA,Netherlands,13073,34188,586,16683,2.549,0.396,1.7,40.83,568,184299,0.0,0.3979999999999999
Hércules,1,CA,Pan-Am.,6099,22011,764,26987,4.471,0.4529999999999999,2.0,85.04,188,217784,0.0,0.499
Chengan,1,CA,Pan-Asia,45183,128673,587,13210,2.29,0.565,3.02,21.7,577,93224,0.0,0.485
Júpiter,1,CA,Spain,5478,17701,714,25875,4.117,0.3979999999999999,1.26,91.94,162,229980,0.0,0.462
Black Swan,1,CA,U.K.,91019,542233,502,9487,1.575,0.531,2.22,14.82,637,81639,0.0,0.429
Erie,1,CA,U.S.A.,147249,596122,524,12945,1.709,0.504,2.05,25.83,389,56237,0.0,0.367
Orlan,1,CA,U.S.S.R.,96797,364172,481,11220,1.263,0.522,2.24,17.85,524,36111,0.0,0.352
Dalarna,11,DD,Europe,3552,126446,1333,49712,0.712,0.506,36.09,7.12,56140,604733,11.03,0.38
Yamagiri,11,DD,Japan,19054,690270,1132,50090,0.662,0.486,30.6,4.32,47642,491672,2.41,0.341
Kunming,11,DD,Pan-Asia,2611,73566,1180,60328,0.71,0.489,28.87,4.46,49416,513944,3.29,0.308
Joshua Humphreys,11,DD,U.S.A.,2247,58306,1164,45023,0.585,0.48,32.48,6.26,44635,569168,5.37,0.321
Zorkiy,11,DD,U.S.S.R.,9784,201017,1417,75190,0.88,0.555,29.13,10.32,49101,1195420,6.49,0.467
Vampire II,10,DD,Commonw.,6429,292499,1179,47138,0.767,0.5379999999999999,43.44,9.09,47072,640760,3.07,0.351
Gdansk,10,DD,Europe,9570,220881,1170,54311,0.742,0.521,33.38,12.79,39407,684807,3.22,0.316
Halland,10,DD,Europe,37654,3538039,1169,45443,0.65,0.506,39.59,6.57,58127,559651,8.88,0.41
Ragnar,10,DD,Europe,6454,316789,1320,59791,0.809,0.562,32.0,13.54,46710,1023593,8.86,0.432
Småland,10,DD,Europe,11640,725743,1299,44621,0.856,0.584,46.58,10.51,60372,755764,8.85,0.45
Cassard,10,DD,France,5557,134023,1321,58538,0.938,0.564,38.55,7.76,69689,742614,4.09,0.45
Châteaurenault,10,DD,France,718,7543,1328,71324,0.871,0.547,33.54,6.06,73218,758266,3.76,0.405
Kléber,10,DD,France,17706,731267,1145,51823,0.742,0.516,30.51,8.05,44244,896459,3.9,0.316
Kléber CLR,10,DD,France,1505,34290,1140,50614,0.731,0.514,27.49,7.49,44435,910682,3.34,0.2689999999999999
Marceau,10,DD,France,37710,1736047,1113,38580,0.657,0.502,35.41,8.59,42581,803486,6.16,0.2789999999999999
Elbing,10,DD,Germany,15986,612094,1130,63072,0.658,0.475,22.29,8.46,31418,700935,5.16,0.335
Georg Hoffmann,10,DD,Germany,7037,126645,1180,46358,0.666,0.511,35.75,6.81,48547,692956,4.91,0.31
Georg Hoffmann Golden,10,DD,Germany,1172,13884,1191,47107,0.678,0.513,36.42,6.74,49173,701326,5.0,0.322
Sharqi,10,DD,Germany,298,1565,1072,35294,0.502,0.484,37.9,6.6,51880,652158,1.78,0.273
Z-42,10,DD,Germany,4330,196429,1263,44771,0.755,0.561,48.16,10.09,55896,685224,4.36,0.411
Z-52,10,DD,Germany,14702,1009390,1113,37425,0.642,0.514,44.57,7.39,45901,617053,3.22,0.344
Alberico da Barbiano,10,DD,Italy,3561,86297,1097,57108,0.642,0.478,26.85,9.02,32163,789237,3.82,0.291
Attilio Regolo,10,DD,Italy,8487,252347,1205,57037,0.804,0.529,37.5,9.48,45034,664055,2.98,0.371
AL Shimakaze,10,DD,Japan,3761,205744,1109,43533,0.734,0.511,36.37,4.21,59826,523525,1.52,0.37
Harugumo,10,DD,Japan,36958,1747583,1034,45248,0.614,0.476,29.88,6.96,32759,620018,3.78,0.2739999999999999
Hayate,10,DD,Japan,18436,484281,1032,39744,0.632,0.482,31.77,6.09,44604,557894,2.57,0.287
Shimakaze,10,DD,Japan,73014,11109786,1043,41684,0.647,0.488,34.62,3.95,49032,476308,1.38,0.366
Tromp,10,DD,Netherlands,19078,667058,1150,55001,0.63,0.492,29.91,8.49,51599,618035,3.97,0.353
La Pampa,10,DD,Pan-Am.,3708,61740,1204,50879,0.854,0.5329999999999999,38.49,5.41,64589,652518,2.31,0.409
Lüshun,10,DD,Pan-Asia,8517,268185,1194,48339,0.752,0.53,31.92,9.26,51273,833080,3.37,0.358
Lüshun B,10,DD,Pan-Asia,7988,108764,1149,44352,0.602,0.499,29.59,8.7,53327,883571,2.75,0.307
Yueyang,10,DD,Pan-Asia,19304,1173122,1178,51433,0.713,0.519,39.06,6.57,54504,588133,2.59,0.395
Álvaro de Bazán,10,DD,Spain,11062,283127,1125,45348,0.644,0.502,35.18,8.39,43790,648809,3.54,0.3279999999999999
Daring,10,DD,U.K.,27941,1433228,1168,44725,0.774,0.54,46.02,9.46,51304,727250,3.13,0.412
Druid,10,DD,U.K.,4263,200128,1245,56483,0.832,0.542,36.92,10.6,37761,854906,5.0,0.3429999999999999
Burrows,10,DD,U.S.A.,2374,21640,1307,62895,0.801,0.524,32.82,9.37,45556,772620,3.81,0.347
Forrest Sherman,10,DD,U.S.A.,23757,850263,1083,50554,0.566,0.471,29.59,8.71,31340,690881,4.64,0.29
Gearing,10,DD,U.S.A.,29537,3364981,1098,42300,0.627,0.49,36.87,6.02,44383,517314,2.37,0.36
Hull,10,DD,U.S.A.,3552,98318,1331,81895,0.811,0.54,24.03,10.5,48274,1223365,7.5,0.4679999999999999
Laffey,10,DD,U.S.A.,12368,193267,1272,40108,0.714,0.541,41.69,9.38,64636,921350,6.12,0.42
Somers,10,DD,U.S.A.,2193,236368,1199,57959,0.801,0.569,48.16,6.28,65859,504251,0.35,0.526
Delny,10,DD,U.S.S.R.,9339,154345,1191,59411,0.674,0.528,27.36,11.31,49565,1196753,4.23,0.449
Grozovoi,10,DD,U.S.S.R.,12956,687715,1111,42080,0.67,0.518,41.08,9.22,44945,719189,4.84,0.3829999999999999
Khabarovsk,10,DD,U.S.S.R.,22966,1128480,1136,59050,0.711,0.512,23.55,9.48,39379,1061399,2.68,0.4039999999999999
Blyskawica '52,9,DD,Europe,368,5668,1402,61866,1.066,0.632,39.7,21.36,57365,1037689,3.16,0.556
Friesland,9,DD,Europe,14277,615400,1159,41265,0.668,0.518,41.32,8.9,31153,551528,6.86,0.346
Jäger,9,DD,Europe,17844,486835,1080,41372,0.646,0.507,32.96,4.09,55693,462835,0.31,0.409
Lambros Katsonis,9,DD,Europe,9881,148849,1030,33856,0.568,0.494,32.82,12.31,31164,554082,2.25,0.258
Östergötland,9,DD,Europe,38140,1478288,1094,36693,0.631,0.497,38.87,6.88,47402,497476,5.41,0.402
Velos,9,DD,Europe,3448,36442,1075,33252,0.631,0.503,36.87,7.19,43899,507782,3.88,0.3339999999999999
Mogador,9,DD,France,21831,648682,1075,40972,0.728,0.507,31.47,8.4,34962,736340,2.07,0.287
Orage,9,DD,France,5802,79411,1176,40311,0.765,0.535,37.72,8.5,53580,611930,3.28,0.374
Felix Schultz,9,DD,Germany,19081,512997,1044,46108,0.603,0.474,25.29,8.35,28873,587202,3.43,0.305
Z-44,9,DD,Germany,11902,354985,994,34342,0.56,0.477,34.15,5.29,42858,449730,2.15,0.348
Z-46,9,DD,Germany,18853,878522,1084,34368,0.677,0.518,41.63,7.7,37879,555570,1.74,0.345
ZF-6,9,DD,Germany,11507,272490,1098,36000,0.725,0.507,37.32,8.3,37142,493194,3.18,0.288
ZF-6 Golden,9,DD,Germany,188,1906,1093,40550,0.706,0.49,35.47,8.28,38440,524372,2.79,0.2769999999999999
Adriatico,9,DD,Italy,10485,200834,1069,36687,0.644,0.503,38.0,8.75,36790,535821,1.78,0.314
Paolo Emilio,9,DD,Italy,8170,370950,1013,45400,0.887,0.507,26.35,3.85,31292,559955,1.07,0.157
Kagero  (< 01.12.2016),9,DD,Japan,5956,570329,1009,31087,0.593,0.49,32.39,4.39,30652,100076,0.2,0.44
Kitakaze,9,DD,Japan,69078,5053069,1110,43389,0.728,0.511,34.99,8.64,33096,541913,3.28,0.308
Minegumo,9,DD,Japan,6796,125064,1111,40941,0.771,0.529,38.44,4.95,53548,444394,0.09,0.4029999999999999
STAR Kitakaze,9,DD,Japan,2127,36392,1021,37093,0.615,0.488,29.9,7.8,30107,564309,3.46,0.238
Yugumo,9,DD,Japan,70758,4444543,944,30929,0.584,0.475,33.35,4.74,37919,438120,1.0,0.321
Groningen,9,DD,Netherlands,16655,677446,1132,40602,0.615,0.505,37.04,9.47,31066,566314,7.31,0.307
Chung Mu,9,DD,Pan-Asia,22826,880937,1073,40011,0.688,0.509,38.01,6.75,42483,495032,2.14,0.346
Nanning,9,DD,Pan-Asia,960,10884,1113,44992,0.718,0.516,32.84,9.65,37914,571905,3.53,0.341
Barfleur,9,DD,U.K.,1071,14015,1201,45445,0.786,0.5429999999999999,40.33,6.08,58615,561473,2.92,0.451
Jutland,9,DD,U.K.,32836,1212330,1128,35535,0.72,0.527,45.76,9.47,43187,593170,2.36,0.411
Somme,9,DD,U.K.,9426,135363,1194,38441,0.769,0.5479999999999999,42.87,10.19,49175,637654,2.95,0.417
Benham,9,DD,U.S.A.,11208,663616,1191,48904,0.931,0.56,44.82,6.36,51271,479659,1.42,0.469
Black,9,DD,U.S.A.,12659,539791,1180,38072,0.725,0.555,46.5,9.62,47115,506075,2.82,0.433
Black B,9,DD,U.S.A.,3197,52467,1091,32739,0.58,0.509,38.7,8.09,44945,515538,2.34,0.331
Christopher,9,DD,U.S.A.,3592,41972,1173,49019,0.78,0.525,34.77,10.51,39378,586186,3.19,0.324
Fletcher,9,DD,U.S.A.,40462,3008035,1045,33328,0.667,0.504,37.69,6.62,37280,473534,2.06,0.354
GQ Johnny,9,DD,U.S.A.,8901,89599,1094,38495,0.601,0.505,35.23,7.48,44690,563848,2.31,0.326
Halford,9,DD,U.S.A.,11234,229166,1137,38795,0.544,0.518,36.73,7.7,64452,437277,1.9,0.494
Johnston,9,DD,U.S.A.,3561,61526,1178,42889,0.744,0.537,39.44,8.38,45596,575992,3.27,0.37
Neustrashimy,9,DD,U.S.S.R.,10109,367777,1144,36807,0.737,0.535,42.87,8.98,48029,626912,3.74,0.435
Neustrashimy B,9,DD,U.S.S.R.,706,5389,1134,36856,0.643,0.531,37.13,8.09,50488,669085,3.04,0.384
Tashkent,9,DD,U.S.S.R.,25606,990855,1126,42483,0.576,0.487,25.45,9.62,32081,847710,2.04,0.349
Udaloi,9,DD,U.S.S.R.,16147,709897,1093,40880,0.678,0.516,33.84,9.76,31789,656023,2.3,0.3829999999999999
Blyskawica '44,8,DD,Europe,2126,22715,1218,38588,0.87,0.5529999999999999,35.39,10.8,37822,580216,3.31,0.38
Öland,8,DD,Europe,43707,1307458,1053,26546,0.564,0.489,33.2,6.37,35147,459280,6.26,0.3339999999999999
Orkan,8,DD,Europe,10091,135978,1054,26577,0.613,0.509,32.75,9.37,33026,562441,2.36,0.32
Split,8,DD,Europe,15742,187913,1040,29053,0.641,0.501,31.94,11.62,24787,462201,2.71,0.254
L'Aventurier,8,DD,France,7330,77079,1189,37763,0.877,0.54,36.61,8.94,40977,549695,2.5,0.381
Le Fantasque,8,DD,France,26488,640111,1056,31237,0.697,0.508,29.86,7.26,29919,616189,2.66,0.259
Le Terrible,8,DD,France,12366,265363,1035,32217,0.713,0.512,27.96,7.15,30008,652717,0.67,0.267
Gustav-Julius Maerker,8,DD,Germany,21423,408184,993,32936,0.558,0.472,25.99,7.8,23666,521878,2.14,0.26
Z-23,8,DD,Germany,22797,811347,974,25050,0.547,0.492,34.44,5.82,28542,522133,1.61,0.292
Z-35,8,DD,Germany,4773,43118,1030,29095,0.583,0.5,33.84,7.74,26884,536028,2.58,0.285
Vittorio Cuniberti,8,DD,Italy,10576,160737,1095,29459,0.69,0.516,37.63,8.58,32235,510592,1.94,0.32
Akizuki,8,DD,Japan,87575,5184277,1068,34631,0.675,0.503,29.32,8.36,24156,504426,3.79,0.285
AL Yukikaze,8,DD,Japan,19181,877067,1062,31456,0.798,0.515,37.13,4.75,36319,407508,1.4,0.342
Asashio,8,DD,Japan,29577,2950843,1129,54347,0.781,0.5329999999999999,33.89,4.74,37843,391263,0.14,0.4429999999999999
Asashio B,8,DD,Japan,20975,1088833,1146,54763,0.811,0.537,34.19,5.17,37940,391497,0.14,0.445
Fubuki  (< 01.12.2016),8,DD,Japan,14494,1732246,953,25336,0.577,0.491,27.91,4.51,24674,96705,0.33,0.365
HSF Harekaze,8,DD,Japan,15973,1191314,1004,26368,0.612,0.509,35.72,6.38,33398,439144,1.43,0.345
HSF Harekaze II,8,DD,Japan,2096,71645,1013,27613,0.656,0.5,37.05,4.56,34864,397867,0.2,0.3329999999999999
Kagero,8,DD,Japan,96945,4977661,909,24447,0.541,0.472,30.56,4.01,31042,390025,0.73,0.295
Fenyang,8,DD,Pan-Asia,7840,111411,1089,34701,0.632,0.501,29.24,9.31,26218,488995,7.25,0.3
Hsienyang,8,DD,Pan-Asia,27535,733133,981,27060,0.547,0.483,33.14,6.4,30768,474432,2.53,0.299
Loyang,8,DD,Pan-Asia,28801,941967,970,21689,0.539,0.505,36.89,5.9,30211,420943,1.39,0.314
Loyang B,8,DD,Pan-Asia,4588,45853,1056,23593,0.568,0.505,39.02,6.69,31819,474956,3.26,0.296
Ship Smasha,8,DD,Pan-Asia,633,7301,1006,30070,0.509,0.477,26.19,8.6,23331,467443,6.41,0.25
Siliwangi,8,DD,Pan-Asia,8248,88103,984,27695,0.538,0.485,33.86,5.71,30787,448437,1.77,0.291
Zhu Que,8,DD,Pan-Asia,235,3240,1090,27400,0.591,0.499,36.26,9.09,30557,571118,6.2,0.346
Cossack,8,DD,U.K.,24791,761691,1133,32348,0.77,0.5379999999999999,42.38,8.99,34094,491888,0.61,0.391
Cossack B,8,DD,U.K.,11108,217186,1137,31620,0.759,0.535,42.43,9.17,33971,498391,0.81,0.369
Eskimo,8,DD,U.K.,1252,10166,1235,50365,0.952,0.5589999999999999,37.15,10.88,33351,529833,0.88,0.402
Lightning,8,DD,U.K.,41009,1376490,1090,29056,0.704,0.518,40.73,8.16,32217,486318,1.89,0.341
Benson,8,DD,U.S.A.,48587,2838087,975,24451,0.588,0.494,32.8,6.54,27339,420530,1.6,0.315
Kidd,8,DD,U.S.A.,35870,1001241,1160,27596,0.666,0.5529999999999999,41.59,8.56,33219,596788,7.33,0.424
Osborne,8,DD,U.S.A.,4096,32598,1172,38526,0.788,0.519,35.66,11.39,32525,527584,4.03,0.352
Kiev,8,DD,U.S.S.R.,29092,908426,991,32174,0.557,0.486,25.57,8.25,24668,666656,1.85,0.296
Ognevoi,8,DD,U.S.S.R.,22054,687996,1029,26356,0.565,0.495,32.66,7.06,29203,533756,2.2,0.3329999999999999
Provorny,8,DD,U.S.S.R.,1003,5996,1296,63957,1.012,0.573,25.66,12.45,38064,900954,3.05,0.488
Tashkent  (< 06.03.2017),8,DD,U.S.S.R.,3873,233477,938,26453,0.561,0.487,23.31,8.23,17049,308263,0.38,0.307
Haida,7,DD,Commonw.,13156,205972,1037,26242,0.777,0.563,39.18,8.08,26471,438791,1.4,0.385
Huron,7,DD,Commonw.,13577,73991,990,23711,0.722,0.537,27.27,9.47,24150,533191,1.95,0.296
Blyskawica,7,DD,Europe,41529,1394012,864,24940,0.62,0.508,25.56,7.33,18359,343379,0.61,0.294
Grom,7,DD,Europe,12295,120568,971,25820,0.674,0.513,29.0,9.56,19666,412746,1.39,0.257
Scarlet Storm,7,DD,Europe,186,477,922,26675,0.577,0.472,26.91,9.58,20441,453806,0.89,0.241
Skåne,7,DD,Europe,48775,1109821,930,23339,0.551,0.502,27.95,6.9,28227,401784,3.71,0.32
Stord '43,7,DD,Europe,6197,29561,885,22924,0.54,0.492,25.49,7.86,21411,450165,0.98,0.284
Le Hardi,7,DD,France,6732,57125,1089,31877,0.892,0.546,31.75,9.89,29498,492192,1.14,0.358
Vauquelin,7,DD,France,29560,501764,916,25152,0.67,0.508,23.67,7.15,22436,509776,0.75,0.2339999999999999
Leberecht Maass,7,DD,Germany,29488,889174,879,22993,0.623,0.506,28.09,6.06,20621,469162,1.06,0.2739999999999999
Z-31,7,DD,Germany,28529,413874,934,26027,0.589,0.504,27.25,8.13,22828,497557,1.99,0.301
Z-39,7,DD,Germany,22432,277180,998,27325,0.737,0.547,35.13,6.15,27109,478678,2.15,0.363
FR25,7,DD,Italy,7324,42054,972,27872,0.741,0.522,27.23,6.94,21333,441066,1.93,0.251
Luca Tarigo,7,DD,Italy,15231,188602,1043,26814,0.77,0.537,33.88,8.72,25101,417341,1.9,0.31
Akatsuki,7,DD,Japan,124274,5920820,819,22362,0.576,0.483,24.89,4.19,20603,368391,1.13,0.267
Hatsuharu  (< 01.12.2016),7,DD,Japan,26381,2086108,850,18119,0.497,0.482,24.61,3.75,19709,70226,0.41,0.312
Shiratsuyu,7,DD,Japan,88001,3513049,924,26868,0.706,0.52,31.51,5.56,26385,370890,0.77,0.348
Yudachi,7,DD,Japan,31431,454826,969,32523,0.694,0.527,31.88,5.2,28571,355017,0.27,0.396
Gadjah Mada,7,DD,Pan-Asia,29733,811218,915,26422,0.671,0.512,29.48,6.47,22113,413922,0.87,0.296
Jervis,7,DD,U.K.,45110,969066,958,24472,0.72,0.525,33.8,7.62,23466,461535,0.94,0.309
Jupiter '42,7,DD,U.K.,4593,41831,1176,31311,0.985,0.585,41.96,11.39,31446,473143,0.69,0.449
Hughes,7,DD,U.S.A.,9527,53873,1084,32308,0.833,0.544,32.78,11.56,25689,472443,2.31,0.374
Mahan,7,DD,U.S.A.,62267,2799281,898,19710,0.529,0.481,24.21,5.72,17472,341670,0.7,0.25
Sims,7,DD,U.S.A.,26774,1225976,1072,22733,0.628,0.536,32.2,7.78,22638,416307,1.93,0.37
Sims B,7,DD,U.S.A.,8386,92094,1025,23157,0.581,0.52,33.48,7.43,24388,463061,2.91,0.316
Kiev  (< 06.03.2017),7,DD,U.S.S.R.,8564,623745,920,28315,0.688,0.514,20.89,8.76,13561,204823,0.3,0.308
Leningrad,7,DD,U.S.S.R.,32624,701125,941,27943,0.723,0.5329999999999999,29.6,7.8,21311,511405,0.71,0.348
Minsk,7,DD,U.S.S.R.,32369,840003,900,25479,0.577,0.502,26.28,7.84,19241,527013,1.26,0.265
Tashkent '39,7,DD,U.S.S.R.,5340,35746,968,29878,0.761,0.531,28.08,5.96,22536,510273,0.86,0.29
Stord,6,DD,Europe,13058,92374,823,20877,0.649,0.511,25.66,8.39,14485,349729,1.13,0.248
Västerås,6,DD,Europe,57350,852014,826,20121,0.579,0.514,25.05,7.13,22118,398746,2.32,0.291
Aigle,6,DD,France,37151,628359,797,23577,0.646,0.511,22.86,6.0,15450,446867,0.57,0.268
Duchaffault,6,DD,France,7411,53999,1012,29602,0.94,0.579,30.87,12.49,22152,463148,0.91,0.3939999999999999
Guépard,6,DD,France,44337,549135,806,22983,0.665,0.514,18.26,6.49,16998,479137,0.79,0.2189999999999999
Ernst Gaede,6,DD,Germany,72886,1634396,745,18414,0.548,0.499,21.58,4.95,15385,412097,1.04,0.222
Karl von Schönberg,6,DD,Germany,9366,50374,859,26083,0.722,0.542,18.8,8.63,17069,510693,1.91,0.301
T-61,6,DD,Germany,15020,348526,979,30569,0.971,0.585,33.46,7.38,22999,385462,1.55,0.39
Aviere,6,DD,Italy,16937,194179,983,26939,0.913,0.562,31.52,8.11,19535,390574,2.02,0.324
Leone,6,DD,Italy,14763,87574,857,25041,0.673,0.523,26.4,8.55,16994,351772,0.72,0.316
Fubuki,6,DD,Japan,164257,5224947,706,18326,0.518,0.481,21.26,3.27,17228,316298,1.13,0.245
Hatsuharu,6,DD,Japan,109329,2739981,806,21254,0.619,0.516,27.64,5.15,19735,360260,1.65,0.308
Mutsuki  (< 01.12.2016),6,DD,Japan,44827,2928327,746,17641,0.494,0.481,24.71,2.59,19404,49982,0.45,0.302
Shinonome,6,DD,Japan,45085,601894,931,29169,0.921,0.567,32.46,6.6,22552,344727,0.03,0.351
Shinonome B,6,DD,Japan,7954,38534,871,25844,0.828,0.527,27.75,6.47,17203,305252,0.04,0.283
Juruá,6,DD,Pan-Am.,8023,44562,815,21187,0.69,0.514,27.38,6.78,17916,333356,0.06,0.283
Anshan,6,DD,Pan-Asia,58356,843851,815,21224,0.635,0.52,25.07,6.18,17464,354216,1.27,0.288
Fushun,6,DD,Pan-Asia,38287,744616,779,21040,0.574,0.508,24.72,5.54,17224,385253,1.08,0.2689999999999999
Gallant,6,DD,U.K.,41152,445017,782,20743,0.643,0.509,26.67,5.56,19110,356503,0.04,0.296
Icarus,6,DD,U.K.,58081,943737,813,19824,0.659,0.52,29.1,6.61,18824,383416,0.53,0.29
Farragut,6,DD,U.S.A.,103235,3409081,787,17653,0.536,0.493,21.49,5.5,13531,299097,1.07,0.231
Monaghan,6,DD,U.S.A.,23386,244986,880,24449,0.75,0.55,29.13,5.24,21019,404233,3.23,0.351
Gnevny,6,DD,U.S.S.R.,45253,778400,814,19118,0.527,0.499,23.09,6.78,15721,435985,0.92,0.242
Ognevoi  (< 06.03.2017),6,DD,U.S.S.R.,13256,553124,805,19477,0.571,0.504,21.59,7.81,13634,162339,0.2,0.27
Kalmar,5,DD,Europe,11421,73423,850,32602,0.973,0.556,24.1,10.8,15540,291922,1.2,0.412
Muavenet,5,DD,Europe,13902,67260,730,20964,0.685,0.508,21.09,10.98,11424,303015,0.57,0.26
Visby,5,DD,Europe,68725,768973,725,18187,0.593,0.514,22.8,7.38,18752,343609,2.31,0.278
Jaguar,5,DD,France,52067,500632,714,22370,0.713,0.518,17.31,7.27,15710,410326,0.29,0.239
L'Adroit,5,DD,France,15260,72505,701,21673,0.716,0.502,15.75,10.87,11728,319788,0.09,0.247
Siroco,5,DD,France,17144,103708,794,25546,0.887,0.5479999999999999,21.13,9.64,16401,384199,0.19,0.296
T-22,5,DD,Germany,93329,1756147,658,15949,0.544,0.484,18.93,5.25,13292,308505,1.19,0.208
Maestrale,5,DD,Italy,19207,167687,834,25995,0.949,0.5529999999999999,24.58,8.99,15210,325391,0.69,0.298
Fujin,5,DD,Japan,4513,227875,979,38792,1.358,0.622,34.54,5.84,20869,276622,0.02,0.483
Kamikaze,5,DD,Japan,9131,703876,922,34417,1.203,0.598,34.72,5.44,20722,274577,0.01,0.4539999999999999
Kamikaze R,5,DD,Japan,13624,1917580,910,33999,1.183,0.588,34.29,5.51,20250,190998,0.01,0.408
Minekaze,5,DD,Japan,166285,6672949,659,21299,0.711,0.501,24.65,3.83,16187,141423,0.11,0.27
Mutsuki,5,DD,Japan,190118,4123396,613,16370,0.513,0.484,21.48,2.56,15534,292740,0.93,0.254
Jianwei,5,DD,Pan-Asia,50150,787535,637,17610,0.53,0.487,20.38,5.12,13495,336566,0.25,0.217
Acasta,5,DD,U.K.,68177,783241,677,17676,0.615,0.501,22.98,6.55,14301,337762,0.36,0.24
Hill,5,DD,U.S.A.,19343,240083,838,28039,0.949,0.562,24.36,9.66,13117,342434,2.18,0.309
Nicholas,5,DD,U.S.A.,140582,3766565,696,17157,0.606,0.49,18.64,5.2,11846,234192,1.15,0.1989999999999999
Gnevny  (< 06.03.2017),5,DD,U.S.S.R.,23029,796771,704,19447,0.652,0.502,19.61,6.29,11075,102581,0.19,0.252
Gremyashchy,5,DD,U.S.S.R.,9241,493863,969,33017,1.131,0.594,30.45,10.97,17686,221474,0.7,0.429
Okhotnik,5,DD,U.S.S.R.,24007,372989,813,27049,1.019,0.5529999999999999,24.28,7.17,13496,330874,0.12,0.2689999999999999
Podvoisky,5,DD,U.S.S.R.,51864,808893,708,18174,0.572,0.49,18.35,5.72,11746,360949,0.7,0.175
Klas Horn,4,DD,Europe,30950,213134,526,21321,0.813,0.49,14.02,7.98,7149,262262,0.87,0.22
Bourrasque,4,DD,France,22883,156892,585,27023,1.096,0.532,13.58,9.9,7006,304645,0.21,0.255
V-170,4,DD,Germany,100831,1411054,536,23046,0.945,0.505,15.71,6.06,6977,286122,0.07,0.233
Turbine,4,DD,Italy,17390,79317,638,28927,1.18,0.522,16.94,10.37,7311,252336,0.83,0.2769999999999999
Isokaze,4,DD,Japan,281441,6469353,518,20176,0.776,0.494,15.75,3.67,8007,158226,0.13,0.238
Shenyang,4,DD,Pan-Asia,62033,771442,593,26803,1.017,0.528,18.56,7.83,8012,275930,0.36,0.278
Wakeful,4,DD,U.K.,56142,515759,559,24035,0.993,0.513,16.84,7.73,6860,276775,0.25,0.237
Clemson,4,DD,U.S.A.,178394,3511976,598,24063,1.026,0.52,16.16,6.69,6409,200999,0.08,0.225
DD 214,4,DD,U.S.A.,1,1,928,80888,4.0,0.0,0.0,0.0,1030,167634,0.0,0.0
Izyaslav,4,DD,U.S.S.R.,84276,1483229,581,19759,0.787,0.506,15.94,6.9,6718,159600,0.13,0.1989999999999999
Vampire,3,DD,Commonw.,11053,148297,676,27509,1.307,0.599,22.23,11.96,7128,282451,0.43,0.4029999999999999
Romulus,3,DD,Europe,30506,150408,520,21184,0.942,0.489,11.85,9.22,4492,237705,0.42,0.242
Fusilier,3,DD,France,23313,108871,574,25605,1.176,0.53,11.84,11.09,4422,265290,0.02,0.261
G-101,3,DD,Germany,103140,777479,534,21779,1.042,0.507,12.01,6.12,4523,257260,0.01,0.225
Nazario Sauro,3,DD,Italy,6625,31996,741,40628,2.028,0.578,14.94,17.92,3114,248001,0.38,0.417
Wakatake,3,DD,Japan,267077,2591537,474,16443,0.72,0.493,12.85,4.13,5121,115205,0.03,0.216
Phra Ruang,3,DD,Pan-Asia,65866,401960,522,21445,0.906,0.505,15.63,6.2,6031,240609,0.23,0.284
Campbeltown,3,DD,U.K.,12220,126782,595,22586,1.005,0.514,15.83,6.32,5519,197473,0.06,0.253
Valkyrie,3,DD,U.K.,52936,276455,615,27846,1.361,0.555,15.47,10.23,4601,257067,0.07,0.315
Wickes,3,DD,U.S.A.,176739,1748545,528,20170,0.981,0.5,10.91,5.88,3896,146144,0.03,0.186
Derzki,3,DD,U.S.S.R.,97012,1055678,533,19766,0.974,0.509,12.41,6.17,4454,136140,0.01,0.1889999999999999
Tátra,2,DD,Europe,27059,73146,481,21107,1.206,0.4629999999999999,6.45,10.9,2435,216768,0.0,0.2789999999999999
Enseigne Gabolde,2,DD,France,20223,51579,571,26662,1.654,0.529,8.17,14.27,2469,218334,0.0,0.3429999999999999
V-25,2,DD,Germany,101445,718314,565,26809,1.73,0.54,9.56,8.71,2857,213519,0.0,0.3379999999999999
Curtatone,2,DD,Italy,11117,54160,745,42038,2.753,0.599,8.6,26.29,1696,225731,0.0,0.487
Tachibana,2,DD,Japan,29118,224477,574,22844,1.415,0.525,11.97,11.0,3450,189828,0.0,0.325
Tachibana Lima,2,DD,Japan,11976,81476,571,22020,1.367,0.529,12.68,11.55,3286,179354,0.0,0.336
Umikaze,2,DD,Japan,248708,1912962,476,17102,0.978,0.518,10.15,7.13,3250,91546,0.0,0.297
Longjiang,2,DD,Pan-Asia,65593,256874,532,22505,1.263,0.511,10.16,9.92,3220,201255,0.0,0.346
Medea,2,DD,U.K.,43812,116496,558,24136,1.56,0.535,10.29,10.94,2803,202536,0.0,0.368
Sampson,2,DD,U.S.A.,164101,764977,484,17146,1.041,0.49,7.03,8.15,2383,115505,0.0,0.225
Smith,2,DD,U.S.A.,64512,312629,517,19795,1.248,0.492,7.97,7.85,2700,163298,0.0,0.259
Storozhevoi,2,DD,U.S.S.R.,90456,502920,483,16650,1.043,0.51,9.07,8.75,2787,91867,0.0,0.238
